Player,Nation,Pos,Squad,Age,Born,MP,Starts,Min,90s,Gls,Ast,G+A,G-PK,PK,PKatt,CrdY,CrdR,xG,npxG,xAG,npxG+xAG,PrgC,PrgP,PrgR,Gls,Ast,G+A,G-PK,G+A-PK,xG,xAG,xG+xAG,npxG,npxG+xAG
Kemal Ademi,ch SUI,"FW,MF",Paderborn 07,25,1996,6,1,160,1.8,1,0,1,1,0,0,1,0,1.3,1.3,0.1,1.3,3,5,10,0.56,0.00,0.56,0.56,0.56,0.72,0.04,0.75,0.72,0.75
Aremu Afeez,ng NGA,MF,St. Pauli,21,1999,21,14,"1,200",13.3,0,0,0,0,0,0,5,0,0.2,0.2,0.1,0.3,12,57,6,0.00,0.00,0.00,0.00,0.00,0.01,0.01,0.02,0.01,0.02
Felix Agu,de GER,"DF,FW",Werder Bremen,21,1999,26,18,"1,641",18.2,0,2,2,0,0,0,0,0,1.6,1.6,2.4,4.0,57,61,118,0.00,0.11,0.11,0.00,0.11,0.09,0.13,0.22,0.09,0.22
Antonis Aidonis,de GER,DF,Dresden,20,2001,11,4,434,4.8,0,0,0,0,0,0,3,0,0.1,0.1,0.1,0.1,7,20,4,0.00,0.00,0.00,0.00,0.00,0.01,0.02,0.03,0.01,0.03
Michael Akoto,de GER,"DF,MF",Dresden,24,1997,30,28,"2,508",27.9,1,1,2,1,0,0,7,1,2.3,2.3,0.7,3.0,44,128,49,0.04,0.04,0.07,0.04,0.07,0.08,0.03,0.11,0.08,0.11
Andreas Albers,dk DEN,FW,Jahn R'burg,31,1990,32,30,"2,718",30.2,9,3,12,7,2,2,3,0,9.9,8.4,3.3,11.6,20,63,159,0.30,0.10,0.40,0.23,0.33,0.33,0.11,0.44,0.28,0.39
Faride Alidou,de GER,"FW,MF",Hamburger SV,20,2001,23,15,"1,220",13.6,2,3,5,2,0,0,3,0,3.5,3.5,2.6,6.1,44,34,112,0.15,0.22,0.37,0.15,0.37,0.26,0.19,0.45,0.26,0.45
Etienne Amenyido,tg TOG,"FW,MF",St. Pauli,23,1998,13,8,580,6.4,3,3,6,3,0,0,1,0,1.7,1.7,1.0,2.7,6,7,47,0.47,0.47,0.93,0.47,0.93,0.27,0.15,0.42,0.27,0.42
Frederic Ananou,tg TOG,DF,Paderborn 07,23,1997,6,6,530,5.9,0,0,0,0,0,0,1,0,0.0,0.0,0.4,0.4,5,20,10,0.00,0.00,0.00,0.00,0.00,0.00,0.07,0.07,0.00,0.07
Nico Antonitsch,at AUT,DF,Ingolstadt 04,29,1991,28,25,"2,265",25.2,1,0,1,1,0,0,4,0,1.1,1.1,0.1,1.3,4,43,4,0.04,0.00,0.04,0.04,0.04,0.05,0.01,0.05,0.05,0.05
Shinta Appelkamp,de GER,"MF,FW",Düsseldorf,20,2000,26,20,"1,696",18.8,3,0,3,3,0,0,1,0,2.5,2.5,3.4,5.9,37,111,116,0.16,0.00,0.16,0.16,0.16,0.13,0.18,0.31,0.13,0.31
Jann-Fiete Arp,de GER,"FW,MF",Holstein Kiel,21,2000,24,9,893,9.9,2,1,3,2,0,0,4,0,3.8,3.8,0.7,4.5,28,12,62,0.20,0.10,0.30,0.20,0.30,0.38,0.07,0.45,0.38,0.45
Ahmet Arslan,de GER,"MF,FW",Holstein Kiel,27,1994,7,2,229,2.5,0,1,1,0,0,0,2,0,0.5,0.5,0.4,0.9,5,11,11,0.00,0.39,0.39,0.00,0.39,0.21,0.16,0.37,0.21,0.37
Ensar Arslan,de GER,FW,Darmstadt 98,19,2001,1,0,3,0.0,0,0,0,0,0,0,0,0,0.0,0.0,0.0,0.0,0,1,0,0.00,0.00,0.00,0.00,0.00,0.00,0.00,0.00,0.00,0.00
Roger Assalé,ci CIV,"MF,FW",Werder Bremen,27,1993,6,0,123,1.4,0,0,0,0,0,0,1,0,0.3,0.3,0.2,0.6,2,4,12,0.00,0.00,0.00,0.00,0.00,0.25,0.17,0.42,0.25,0.42
Mehmet Aydin,de GER,"FW,DF",Schalke 04,19,2002,18,8,780,8.7,1,1,2,1,0,0,2,0,0.9,0.9,1.0,1.8,26,25,37,0.12,0.12,0.23,0.12,0.23,0.10,0.11,0.21,0.10,0.21
Janik Bachmann,de GER,MF,Sandhausen,25,1996,33,30,"2,592",28.8,6,2,8,6,0,0,4,0,3.8,3.8,2.8,6.7,14,76,87,0.21,0.07,0.28,0.21,0.28,0.13,0.10,0.23,0.13,0.23
Matthias Bader,de GER,DF,Darmstadt 98,24,1997,30,30,"2,605",28.9,1,8,9,1,0,0,6,0,0.8,0.8,4.9,5.8,68,118,85,0.03,0.28,0.31,0.03,0.31,0.03,0.17,0.20,0.03,0.20
Florian Ballas,de GER,DF,Erzgebirge Aue,28,1993,3,2,201,2.2,0,0,0,0,0,0,0,0,0.0,0.0,0.0,0.0,1,1,0,0.00,0.00,0.00,0.00,0.00,0.00,0.00,0.00,0.00,0.00
Fin Bartels,de GER,"FW,MF",Holstein Kiel,34,1987,27,25,"2,088",23.2,4,2,6,4,0,0,3,0,5.1,5.1,3.6,8.8,57,100,155,0.17,0.09,0.26,0.17,0.26,0.22,0.16,0.38,0.22,0.38
Anthony Barylla,de GER,DF,Erzgebirge Aue,24,1997,28,26,"2,232",24.8,1,1,2,1,0,0,2,0,0.8,0.8,1.3,2.0,14,56,34,0.04,0.04,0.08,0.04,0.08,0.03,0.05,0.08,0.03,0.08
Oliver Batista-Meier,de GER,"MF,FW",Dresden,20,2001,13,8,709,7.9,0,1,1,0,0,0,2,0,0.4,0.4,1.6,2.1,10,27,40,0.00,0.13,0.13,0.00,0.13,0.06,0.20,0.26,0.06,0.26
Malik Batmaz,de GER,"FW,MF",Karlsruher,21,2000,20,4,384,4.3,3,0,3,3,0,0,2,0,0.7,0.7,0.8,1.5,6,8,27,0.70,0.00,0.70,0.70,0.70,0.16,0.19,0.35,0.16,0.35
Tom Baumgart,de GER,"MF,FW",Erzgebirge Aue,23,1997,17,3,477,5.3,0,0,0,0,0,0,1,0,0.8,0.8,0.3,1.1,6,17,14,0.00,0.00,0.00,0.00,0.00,0.16,0.05,0.21,0.16,0.21
Bentley Baxter Bahn,de GER,MF,Hansa Rostock,28,1992,27,14,"1,318",14.6,1,1,2,0,1,1,4,0,1.6,0.8,2.0,2.9,10,46,65,0.07,0.07,0.14,0.00,0.07,0.11,0.14,0.25,0.06,0.20
,,,,,,,,,,,,,,,,,,,,,,,,,,,,,,,,,,
André Becker,de GER,"DF,FW",Jahn R'burg,25,1996,2,0,4,0.0,0,0,0,0,0,0,0,0,0.0,0.0,0.0,0.0,0,1,1,0.00,0.00,0.00,0.00,0.00,0.00,0.00,0.00,0.00,0.00
Robin Becker,de GER,DF,Dresden,24,1997,18,11,844,9.4,0,0,0,0,0,0,4,1,0.7,0.7,0.1,0.8,10,37,9,0.00,0.00,0.00,0.00,0.00,0.07,0.01,0.08,0.07,0.08
Timo Becker,de GER,DF,Hansa Rostock,24,1997,14,14,"1,077",12.0,0,1,1,0,0,0,0,0,0.9,0.9,0.1,1.0,21,39,26,0.00,0.08,0.08,0.00,0.08,0.07,0.01,0.09,0.07,0.09
Timo Becker,de GER,DF,Schalke 04,24,1997,5,0,116,1.3,0,0,0,0,0,0,0,0,0.0,0.0,0.0,0.0,1,2,1,0.00,0.00,0.00,0.00,0.00,0.00,0.00,0.00,0.00,0.00
Hanno Behrens,de GER,MF,Hansa Rostock,31,1990,27,25,"2,072",23.0,5,4,9,5,0,0,3,0,6.3,6.3,3.2,9.5,21,76,75,0.22,0.17,0.39,0.22,0.39,0.27,0.14,0.41,0.27,0.41
Morten Behrens,de GER,GK,Darmstadt 98,24,1997,4,3,295,3.3,0,0,0,0,0,0,0,0,0.0,0.0,0.0,0.0,0,0,0,0.00,0.00,0.00,0.00,0.00,0.00,0.00,0.00,0.00,0.00
Maximilian Beier,de GER,"FW,MF",Hannover 96,18,2002,30,25,"2,088",23.2,3,3,6,3,0,0,4,0,5.8,5.8,3.8,9.5,66,35,158,0.13,0.13,0.26,0.13,0.26,0.25,0.16,0.41,0.25,0.41
Marcel Beifus,de GER,DF,St. Pauli,18,2002,11,6,504,5.6,1,1,2,1,0,0,1,1,0.5,0.5,0.2,0.7,4,17,6,0.18,0.18,0.36,0.18,0.36,0.09,0.03,0.12,0.09,0.12
Maximilian Beister,de GER,"FW,MF",Ingolstadt 04,30,1990,9,5,418,4.6,0,1,1,0,0,0,2,0,1.1,1.1,0.3,1.4,8,10,25,0.00,0.22,0.22,0.00,0.22,0.24,0.07,0.31,0.24,0.31
Rico Benatelli,de GER,MF,St. Pauli,29,1992,22,4,740,8.2,0,0,0,0,0,0,1,0,0.5,0.5,0.7,1.1,17,66,23,0.00,0.00,0.00,0.00,0.00,0.06,0.08,0.14,0.06,0.14
Marcel Benger,de GER,MF,Holstein Kiel,23,1998,10,7,617,6.9,0,0,0,0,0,0,3,0,0.3,0.3,0.4,0.8,5,45,5,0.00,0.00,0.00,0.00,0.00,0.05,0.06,0.11,0.05,0.11
Charlison Benschop,cw CUW,"FW,MF",Sandhausen,31,1989,13,5,637,7.1,0,1,1,0,0,0,3,0,0.4,0.4,0.9,1.3,1,7,35,0.00,0.14,0.14,0.00,0.14,0.06,0.13,0.19,0.06,0.19
Erich Berko,de GER,"MF,FW",Darmstadt 98,26,1994,12,2,219,2.4,0,1,1,0,0,0,2,0,0.2,0.2,0.5,0.6,10,6,25,0.00,0.41,0.41,0.00,0.41,0.07,0.20,0.27,0.07,0.27
Erich Berko,de GER,"FW,MF",Sandhausen,26,1994,9,4,337,3.7,0,1,1,0,0,0,1,0,1.7,1.7,0.1,1.8,6,5,26,0.00,0.27,0.27,0.00,0.27,0.45,0.04,0.49,0.45,0.49
Jan-Niklas Beste,de GER,"MF,FW",Jahn R'burg,22,1999,26,22,"1,983",22.0,4,5,9,4,0,0,6,0,4.0,4.0,3.9,7.8,40,31,146,0.18,0.23,0.41,0.18,0.41,0.18,0.18,0.36,0.18,0.36
Max Besuschkow,de GER,MF,Jahn R'burg,24,1997,33,33,"2,856",31.7,5,4,9,4,1,2,3,0,5.9,4.3,3.3,7.6,50,228,74,0.16,0.13,0.28,0.13,0.25,0.19,0.10,0.29,0.14,0.24
Julius Biada,de GER,"FW,MF",Sandhausen,28,1992,3,0,36,0.4,0,0,0,0,0,0,0,0,0.0,0.0,0.0,0.0,1,1,3,0.00,0.00,0.00,0.00,0.00,0.00,0.00,0.00,0.00,0.00
Filip Bilbija,de GER,MF,Ingolstadt 04,21,2000,28,20,"1,903",21.1,7,1,8,7,0,0,2,0,7.1,7.1,1.5,8.6,33,53,112,0.33,0.05,0.38,0.33,0.38,0.33,0.07,0.41,0.33,0.41
Leonardo Bittencourt,de GER,MF,Werder Bremen,27,1993,22,19,"1,539",17.1,2,4,6,2,0,0,8,0,4.5,4.5,3.4,7.9,66,81,140,0.12,0.23,0.35,0.12,0.35,0.26,0.20,0.46,0.26,0.46
Adam Bodzek,de GER,"MF,DF",Düsseldorf,35,1985,14,10,912,10.1,1,0,1,1,0,0,4,0,0.6,0.6,0.0,0.6,3,40,0,0.10,0.00,0.10,0.10,0.10,0.06,0.00,0.06,0.06,0.06
Dennis Borkowski,de GER,FW,Nürnberg,19,2002,10,5,411,4.6,0,1,1,0,0,0,0,0,0.6,0.6,0.2,0.8,15,6,30,0.00,0.22,0.22,0.00,0.22,0.13,0.05,0.18,0.13,0.18
Robin Bormuth,de GER,DF,Karlsruher,25,1995,8,7,658,7.3,0,0,0,0,0,0,2,0,0.4,0.4,0.1,0.4,2,26,1,0.00,0.00,0.00,0.00,0.00,0.05,0.01,0.06,0.05,0.06
Julian Börner,de GER,DF,Hannover 96,30,1991,26,26,"2,244",24.9,2,0,2,2,0,0,8,1,1.7,1.7,0.9,2.6,36,111,11,0.08,0.00,0.08,0.08,0.08,0.07,0.04,0.10,0.07,0.10
Brandon Borrello,au AUS,"FW,MF",Dresden,26,1995,16,11,758,8.4,0,0,0,0,0,0,3,0,0.8,0.8,0.8,1.6,14,16,58,0.00,0.00,0.00,0.00,0.00,0.10,0.10,0.20,0.10,0.20
Nassim Boujellab,ma MAR,MF,Ingolstadt 04,22,1999,8,0,201,2.2,0,0,0,0,0,0,1,0,0.1,0.1,0.1,0.2,1,10,8,0.00,0.00,0.00,0.00,0.00,0.03,0.05,0.08,0.03,0.08
,,,,,,,,,,,,,,,,,,,,,,,,,,,,,,,,,,
Carlo Boukhalfa,ma MAR,"MF,FW",Jahn R'burg,22,1999,31,25,"1,937",21.5,4,0,4,4,0,0,4,1,2.9,2.9,1.7,4.7,13,61,89,0.19,0.00,0.19,0.19,0.19,0.14,0.08,0.22,0.14,0.22
Róbert Boženík,sk SVK,"FW,MF",Düsseldorf,21,1999,20,3,477,5.3,2,0,2,2,0,0,2,0,2.4,2.4,0.6,3.0,8,6,15,0.38,0.00,0.38,0.38,0.38,0.46,0.11,0.57,0.46,0.57
Pascal Breier,de GER,"FW,MF",Hansa Rostock,29,1992,13,5,482,5.4,4,1,5,4,0,0,0,0,1.6,1.6,1.0,2.6,5,24,31,0.75,0.19,0.93,0.75,0.93,0.30,0.19,0.49,0.30,0.49
Tim Breithaupt,de GER,MF,Karlsruher,19,2002,29,27,"2,288",25.4,0,3,3,0,0,0,7,0,0.9,0.9,1.1,2.0,8,85,11,0.00,0.12,0.12,0.00,0.12,0.04,0.04,0.08,0.04,0.08
Steve Breitkreuz,de GER,DF,Jahn R'burg,29,1992,29,28,"2,472",27.5,3,0,3,3,0,0,6,0,2.2,2.2,0.9,3.0,5,73,5,0.11,0.00,0.11,0.11,0.11,0.08,0.03,0.11,0.08,0.11
Kevin Broll,de GER,GK,Dresden,25,1995,29,29,"2,610",29.0,0,0,0,0,0,0,1,0,0.0,0.0,0.0,0.0,0,2,0,0.00,0.00,0.00,0.00,0.00,0.00,0.00,0.00,0.00,0.00
Christopher Buchtmann,de GER,MF,St. Pauli,29,1992,22,7,681,7.6,2,0,2,2,0,0,1,0,1.2,1.2,0.7,1.8,23,41,46,0.26,0.00,0.26,0.26,0.26,0.16,0.09,0.24,0.16,0.24
Marius Bülter,de GER,"FW,MF",Schalke 04,28,1993,32,28,"2,466",27.4,10,10,20,10,0,0,2,0,9.4,9.4,7.4,16.7,95,59,265,0.36,0.36,0.73,0.36,0.73,0.34,0.27,0.61,0.34,0.61
Fabijan Buntić,hr CRO,GK,Ingolstadt 04,24,1997,18,17,"1,534",17.0,0,0,0,0,0,0,0,0,0.1,0.1,0.0,0.1,0,1,0,0.00,0.00,0.00,0.00,0.00,0.00,0.00,0.00,0.00,0.00
Guido Burgstaller,at AUT,FW,St. Pauli,32,1989,31,31,"2,695",29.9,18,7,25,14,4,4,4,0,16.1,13.4,6.8,20.2,46,72,313,0.60,0.23,0.83,0.47,0.70,0.54,0.23,0.76,0.45,0.67
Dženis Burnić,ba BIH,MF,Heidenheim,23,1998,28,20,"1,485",16.5,0,1,1,0,0,0,4,0,0.9,0.9,1.1,2.0,22,95,47,0.00,0.06,0.06,0.00,0.06,0.06,0.07,0.12,0.06,0.12
Marnon Busch,de GER,DF,Heidenheim,26,1994,28,27,"2,400",26.7,0,2,2,0,0,0,5,1,0.2,0.2,3.1,3.3,77,131,88,0.00,0.07,0.07,0.00,0.07,0.01,0.12,0.12,0.01,0.12
Gaëtan Bussmann,fr FRA,DF,Erzgebirge Aue,30,1991,17,12,"1,023",11.4,1,0,1,1,0,0,3,0,1.2,1.2,0.5,1.7,1,25,6,0.09,0.00,0.09,0.09,0.09,0.11,0.04,0.15,0.11,0.15
Justin Butler,de GER,"FW,DF",Ingolstadt 04,20,2001,5,0,69,0.8,0,0,0,0,0,0,0,0,0.1,0.1,0.0,0.1,0,0,3,0.00,0.00,0.00,0.00,0.00,0.11,0.00,0.11,0.11,0.11
Malcolm Cacutalua,de GER,DF,Erzgebirge Aue,26,1994,14,10,"1,015",11.3,0,1,1,0,0,0,1,0,0.2,0.2,0.1,0.3,7,18,3,0.00,0.09,0.09,0.00,0.09,0.02,0.01,0.03,0.02,0.03
Kerim Calhanoglu,de GER,"DF,MF",Schalke 04,18,2002,10,7,619,6.9,0,1,1,0,0,0,2,0,0.3,0.3,1.3,1.6,22,22,34,0.00,0.15,0.15,0.00,0.15,0.05,0.19,0.24,0.05,0.24
Kaan Caliskaner,de GER,"FW,MF",Jahn R'burg,21,1999,17,2,269,3.0,2,0,2,2,0,0,1,0,1.7,1.7,0.0,1.7,11,7,20,0.67,0.00,0.67,0.67,0.67,0.56,0.02,0.58,0.56,0.58
Jonas Carls,de GER,"DF,FW",Paderborn 07,24,1997,16,5,544,6.0,1,0,1,1,0,0,1,0,0.5,0.5,0.2,0.7,8,26,25,0.17,0.00,0.17,0.17,0.17,0.08,0.04,0.12,0.08,0.12
Dirk Carlson,lu LUX,DF,Erzgebirge Aue,23,1998,28,26,"2,258",25.1,0,1,1,0,0,0,6,0,0.9,0.9,1.5,2.4,29,68,19,0.00,0.04,0.04,0.00,0.04,0.04,0.06,0.09,0.04,0.09
Nico Carrera,us USA,DF,Holstein Kiel,19,2002,2,1,81,0.9,0,0,0,0,0,0,0,0,0.0,0.0,0.0,0.0,2,1,2,0.00,0.00,0.00,0.00,0.00,0.00,0.00,0.00,0.00,0.00
Jens Castrop,de GER,"MF,DF",Nürnberg,18,2003,5,0,58,0.6,0,0,0,0,0,0,0,0,0.0,0.0,0.0,0.0,0,0,5,0.00,0.00,0.00,0.00,0.00,0.05,0.00,0.05,0.05,0.05
Fabian Cavadias,de GER,MF,Ingolstadt 04,19,2001,6,2,194,2.2,0,0,0,0,0,0,0,0,0.0,0.0,0.0,0.0,2,4,2,0.00,0.00,0.00,0.00,0.00,0.00,0.01,0.01,0.00,0.01
Nemanja Celic,at AUT,MF,Darmstadt 98,22,1999,14,2,349,3.9,0,0,0,0,0,0,2,0,0.0,0.0,0.5,0.5,6,20,5,0.00,0.00,0.00,0.00,0.00,0.00,0.13,0.13,0.00,0.13
Giorgi Chakvetadze,ge GEO,"FW,MF",Hamburger SV,21,1999,10,2,329,3.7,1,0,1,1,0,0,0,0,0.8,0.8,0.1,0.9,18,15,48,0.27,0.00,0.27,0.27,0.27,0.21,0.03,0.24,0.21,0.24
Fabio Chiarodia,it ITA,DF,Werder Bremen,16,2005,1,0,1,0.0,0,0,0,0,0,0,0,0,0.0,0.0,0.0,0.0,0,0,0,0.00,0.00,0.00,0.00,0.00,0.00,0.00,0.00,0.00,0.00
,,,,,,,,,,,,,,,,,,,,,,,,,,,,,,,,,,
Darko Churlinov,mk MKD,"FW,DF",Schalke 04,21,2000,22,13,"1,272",14.1,2,4,6,2,0,0,4,0,5.2,5.2,3.5,8.7,55,61,105,0.14,0.28,0.42,0.14,0.42,0.37,0.25,0.61,0.37,0.61
Jamilu Collins,ng NGA,DF,Paderborn 07,26,1994,20,19,"1,548",17.2,1,3,4,1,0,0,5,1,0.5,0.5,1.0,1.5,43,74,80,0.06,0.17,0.23,0.06,0.23,0.03,0.06,0.09,0.03,0.09
Christian Conteh,de GER,"MF,FW",Sandhausen,21,1999,4,0,73,0.8,0,1,1,0,0,0,0,0,0.1,0.1,0.3,0.4,1,1,6,0.00,1.23,1.23,0.00,1.23,0.14,0.34,0.47,0.14,0.47
Marcel Correia,pt POR,DF,Paderborn 07,32,1989,15,8,839,9.3,1,1,2,1,0,0,1,0,0.7,0.7,0.5,1.2,9,20,3,0.11,0.11,0.21,0.11,0.21,0.07,0.05,0.13,0.07,0.13
Lucas Cueto,de GER,"FW,MF",Karlsruher,25,1996,20,9,861,9.6,0,2,2,0,0,0,0,0,1.3,1.3,1.5,2.8,24,10,60,0.00,0.21,0.21,0.00,0.21,0.13,0.15,0.29,0.13,0.29
Marvin Cuni,al ALB,"FW,MF",Paderborn 07,20,2001,11,1,235,2.6,0,0,0,0,0,0,0,1,0.5,0.5,0.0,0.6,5,3,22,0.00,0.00,0.00,0.00,0.00,0.21,0.02,0.22,0.21,0.22
Rufat Dadashov,az AZE,FW,Schalke 04,29,1991,2,1,82,0.9,0,0,0,0,0,0,0,0,0.0,0.0,0.0,0.0,0,0,6,0.00,0.00,0.00,0.00,0.00,0.00,0.04,0.04,0.00,0.04
Christoph Daferner,de GER,"FW,MF",Dresden,23,1998,32,32,"2,803",31.1,13,2,15,11,2,2,5,0,11.8,10.3,1.9,12.1,15,56,204,0.42,0.06,0.48,0.35,0.42,0.38,0.06,0.44,0.33,0.39
Thomas Dähne,de GER,GK,Holstein Kiel,27,1994,23,22,"2,043",22.7,0,0,0,0,0,0,1,0,0.0,0.0,0.0,0.0,0,3,0,0.00,0.00,0.00,0.00,0.00,0.00,0.00,0.00,0.00,0.00
Lukas Daschner,de GER,"FW,MF",St. Pauli,22,1998,12,2,335,3.7,1,0,1,1,0,0,0,0,2.3,2.3,0.1,2.3,10,11,30,0.27,0.00,0.27,0.27,0.27,0.60,0.02,0.62,0.60,0.62
Jonas David,de GER,DF,Hamburger SV,21,2000,21,13,"1,234",13.7,0,0,0,0,0,0,2,0,0.8,0.8,0.5,1.3,25,49,9,0.00,0.00,0.00,0.00,0.00,0.06,0.04,0.10,0.06,0.10
Jannik Dehm,de GER,DF,Hannover 96,25,1996,17,14,"1,314",14.6,0,0,0,0,0,0,4,0,0.1,0.1,0.5,0.6,19,49,42,0.00,0.00,0.00,0.00,0.00,0.01,0.03,0.04,0.01,0.04
Johannes van den Bergh,de GER,DF,Holstein Kiel,34,1986,18,13,"1,200",13.3,0,1,1,0,0,0,0,0,0.1,0.1,0.9,1.0,33,96,49,0.00,0.07,0.07,0.00,0.07,0.01,0.07,0.08,0.01,0.08
Jasper van der Werff,ch SUI,DF,Paderborn 07,22,1998,30,27,"2,396",26.6,0,0,0,0,0,0,6,0,1.0,1.0,0.0,1.0,19,78,5,0.00,0.00,0.00,0.00,0.00,0.04,0.00,0.04,0.04,0.04
Maurice Deville,lu LUX,"FW,MF",Sandhausen,29,1992,12,0,130,1.4,0,0,0,0,0,0,2,0,0.6,0.6,0.4,1.0,1,4,12,0.00,0.00,0.00,0.00,0.00,0.42,0.25,0.67,0.42,0.67
Oumar Diakhite,sn SEN,DF,Sandhausen,27,1993,7,2,255,2.8,0,1,1,0,0,0,3,1,0.2,0.2,0.0,0.2,0,5,0,0.00,0.35,0.35,0.00,0.35,0.07,0.02,0.09,0.07,0.09
Agyemang Diawusie,de GER,"FW,DF",Dresden,23,1998,14,5,650,7.2,0,3,3,0,0,0,3,0,0.5,0.5,1.5,1.9,53,34,65,0.00,0.42,0.42,0.00,0.42,0.07,0.21,0.27,0.07,0.27
Dennis Diekmeier,de GER,DF,Sandhausen,31,1989,25,21,"1,808",20.1,1,1,2,1,0,0,9,0,1.1,1.1,1.6,2.7,31,51,48,0.05,0.05,0.10,0.05,0.10,0.05,0.08,0.13,0.05,0.13
Mark Diemers,nl NED,MF,Hannover 96,27,1993,15,12,"1,076",12.0,0,1,1,0,0,0,2,0,0.4,0.4,1.2,1.5,9,62,15,0.00,0.08,0.08,0.00,0.08,0.03,0.10,0.13,0.03,0.13
Eren Dinkçi,de GER,"FW,MF",Werder Bremen,19,2001,21,8,634,7.0,0,2,2,0,0,0,1,0,1.6,1.6,1.8,3.4,22,18,72,0.00,0.28,0.28,0.00,0.28,0.23,0.25,0.49,0.23,0.49
Max Dittgen,de GER,FW,St. Pauli,26,1995,23,10,957,10.6,4,2,6,4,0,0,1,0,3.3,3.3,2.5,5.8,35,19,108,0.38,0.19,0.56,0.38,0.56,0.31,0.24,0.55,0.31,0.55
Lee Donggyeong,kr KOR,MF,Schalke 04,23,1997,1,0,31,0.3,0,0,0,0,0,0,0,0,0.0,0.0,0.0,0.0,1,2,3,0.00,0.00,0.00,0.00,0.00,0.00,0.00,0.00,0.00,0.00
Johannes Dörfler,de GER,"DF,FW",Paderborn 07,24,1996,6,0,103,1.1,0,0,0,0,0,0,0,0,0.6,0.6,0.1,0.6,1,4,9,0.00,0.00,0.00,0.00,0.00,0.51,0.06,0.57,0.51,0.57
Moussa Doumbouya,gn GUI,FW,Hannover 96,23,1998,3,0,56,0.6,0,0,0,0,0,0,0,0,0.4,0.4,0.2,0.6,0,1,4,0.00,0.00,0.00,0.00,0.00,0.67,0.33,1.00,0.67,1.00
Nikola Dovedan,at AUT,"FW,MF",Nürnberg,27,1994,31,17,"1,560",17.3,7,1,8,6,1,1,6,1,5.5,5.3,2.7,8.1,41,37,95,0.40,0.06,0.46,0.35,0.40,0.32,0.16,0.48,0.31,0.47
,,,,,,,,,,,,,,,,,,,,,,,,,,,,,,,,,,
Tommy Doyle,eng ENG,MF,Hamburger SV,19,2001,6,0,77,0.9,1,0,1,1,0,0,1,0,0.5,0.5,0.1,0.6,8,8,9,1.17,0.00,1.17,1.17,1.17,0.54,0.11,0.65,0.54,0.65
Václav Drchal,cz CZE,"FW,MF",Dresden,22,1999,13,6,513,5.7,0,0,0,0,0,0,0,0,0.5,0.5,0.1,0.6,14,4,31,0.00,0.00,0.00,0.00,0.00,0.09,0.03,0.11,0.09,0.11
Patrick Drewes,de GER,GK,Sandhausen,28,1993,33,33,"2,970",33.0,0,0,0,0,0,0,2,0,0.0,0.0,0.0,0.0,0,0,0,0.00,0.00,0.00,0.00,0.00,0.00,0.00,0.00,0.00,0.00
Dominick Drexler,de GER,"MF,FW",Schalke 04,31,1990,23,20,"1,739",19.3,3,5,8,3,0,0,5,0,2.6,2.6,3.5,6.2,54,101,107,0.16,0.26,0.41,0.16,0.41,0.14,0.18,0.32,0.14,0.32
Marvin Ducksch,de GER,FW,Hannover 96,27,1994,4,4,359,4.0,1,0,1,1,0,0,2,0,2.1,2.1,0.4,2.6,4,10,31,0.25,0.00,0.25,0.25,0.25,0.53,0.11,0.64,0.53,0.64
Marvin Ducksch,de GER,FW,Werder Bremen,27,1994,29,29,"2,569",28.5,20,7,27,17,3,3,2,0,18.0,15.6,10.2,25.8,39,96,286,0.70,0.25,0.95,0.60,0.84,0.63,0.36,0.99,0.55,0.91
Haris Duljević,ba BIH,"FW,MF",Hansa Rostock,27,1993,23,14,"1,279",14.2,0,3,3,0,0,0,3,0,2.7,2.7,2.9,5.6,58,52,114,0.00,0.21,0.21,0.00,0.21,0.19,0.21,0.40,0.19,0.40
Taylan Duman,de GER,"FW,MF",Nürnberg,24,1997,30,13,"1,254",13.9,3,2,5,3,0,1,3,0,3.4,2.6,2.9,5.6,35,73,82,0.22,0.14,0.36,0.22,0.36,0.24,0.21,0.45,0.19,0.40
Adam Dźwigała,pl POL,DF,St. Pauli,25,1995,21,7,753,8.4,2,0,2,2,0,0,2,0,0.5,0.5,0.0,0.5,4,37,14,0.24,0.00,0.24,0.24,0.24,0.06,0.00,0.06,0.06,0.06
Dennis Eckert,de GER,FW,Ingolstadt 04,24,1997,24,19,"1,535",17.1,2,4,6,2,0,0,3,0,4.5,4.5,4.8,9.3,33,34,112,0.12,0.23,0.35,0.12,0.35,0.26,0.28,0.55,0.26,0.55
Jesse Edem Tugbenyo,de GER,MF,Paderborn 07,19,2001,1,0,1,0.0,0,0,0,0,0,0,0,0,0.0,0.0,0.0,0.0,0,0,0,0.00,0.00,0.00,0.00,0.00,0.00,0.00,0.00,0.00,0.00
Johannes Eggestein,de GER,MF,Werder Bremen,23,1998,1,0,9,0.1,0,0,0,0,0,0,0,0,0.0,0.0,0.0,0.0,0,0,0,0.00,0.00,0.00,0.00,0.00,0.00,0.00,0.00,0.00,0.00
Maximilian Eggestein,de GER,MF,Werder Bremen,24,1996,3,3,270,3.0,1,0,1,0,1,1,1,0,0.8,0.0,0.0,0.1,4,19,3,0.33,0.00,0.33,0.00,0.00,0.28,0.01,0.29,0.01,0.02
Kevin Ehlers,de GER,DF,Dresden,20,2001,9,8,731,8.1,0,0,0,0,0,0,0,0,0.5,0.5,0.0,0.5,3,18,4,0.00,0.00,0.00,0.00,0.00,0.06,0.00,0.06,0.06,0.06
Jan Elvedi,ch SUI,DF,Jahn R'burg,24,1996,23,17,"1,544",17.2,0,1,1,0,0,0,1,0,0.6,0.6,1.7,2.3,8,38,1,0.00,0.06,0.06,0.00,0.06,0.04,0.10,0.14,0.04,0.14
Lawrence Ennali,de GER,"FW,MF",Hannover 96,19,2002,8,0,107,1.2,0,0,0,0,0,0,0,0,0.4,0.4,0.1,0.4,4,1,10,0.00,0.00,0.00,0.00,0.00,0.32,0.04,0.36,0.32,0.36
Sebastian Ernst,de GER,MF,Hannover 96,26,1995,18,14,"1,257",14.0,1,2,3,1,0,0,5,0,0.6,0.6,1.8,2.4,38,91,58,0.07,0.14,0.21,0.07,0.21,0.04,0.13,0.17,0.04,0.17
Patrick Erras,de GER,"MF,DF",Holstein Kiel,26,1995,19,7,752,8.4,0,0,0,0,0,0,3,0,0.3,0.3,0.1,0.5,3,33,10,0.00,0.00,0.00,0.00,0.00,0.04,0.02,0.06,0.04,0.06
Alexander Esswein,de GER,"FW,MF",Sandhausen,31,1990,25,14,"1,288",14.3,2,0,2,2,0,0,4,0,2.4,2.4,1.3,3.7,26,43,88,0.14,0.00,0.14,0.14,0.14,0.17,0.09,0.26,0.17,0.26
Konrad Faber,de GER,"DF,FW",Jahn R'burg,23,1997,27,17,"1,585",17.6,0,3,3,0,0,0,0,0,1.1,1.1,1.5,2.6,68,58,76,0.00,0.17,0.17,0.00,0.17,0.06,0.08,0.14,0.06,0.14
Ralf Fährmann,de GER,GK,Schalke 04,32,1988,6,6,540,6.0,0,0,0,0,0,0,0,0,0.0,0.0,0.0,0.0,0,0,0,0.00,0.00,0.00,0.00,0.00,0.00,0.00,0.00,0.00,0.00
Simon Falette,gn GUI,DF,Hannover 96,29,1992,2,2,135,1.5,0,0,0,0,0,0,0,0,0.0,0.0,0.0,0.0,1,7,0,0.00,0.00,0.00,0.00,0.00,0.00,0.02,0.02,0.00,0.02
Clemens Fandrich,de GER,MF,Erzgebirge Aue,30,1991,26,23,"2,054",22.8,0,1,1,0,0,0,5,1,0.8,0.8,2.1,2.9,19,84,30,0.00,0.04,0.04,0.00,0.04,0.04,0.09,0.13,0.04,0.13
Kilian Fischer,de GER,DF,Nürnberg,20,2000,20,10,938,10.4,0,1,1,0,0,0,1,0,0.4,0.4,1.4,1.9,25,43,45,0.00,0.10,0.10,0.00,0.10,0.04,0.14,0.18,0.04,0.18
Florian Flick,de GER,MF,Schalke 04,21,2000,27,15,"1,404",15.6,0,1,1,0,0,0,4,0,1.1,1.1,0.5,1.6,13,68,26,0.00,0.06,0.06,0.00,0.06,0.07,0.03,0.10,0.07,0.10
,,,,,,,,,,,,,,,,,,,,,,,,,,,,,,,,,,
Jonas Föhrenbach,de GER,DF,Heidenheim,25,1996,25,22,"1,853",20.6,0,1,1,0,0,0,4,0,0.4,0.4,1.5,1.9,53,85,82,0.00,0.05,0.05,0.00,0.05,0.02,0.07,0.09,0.02,0.09
Martin Fraisl,at AUT,GK,Schalke 04,28,1993,26,26,"2,340",26.0,0,0,0,0,0,0,3,0,0.0,0.0,0.0,0.0,0,4,0,0.00,0.00,0.00,0.00,0.00,0.00,0.00,0.00,0.00,0.00
Dominik Franke,de GER,DF,Ingolstadt 04,22,1998,27,24,"2,143",23.8,0,2,2,0,0,0,7,0,0.2,0.2,2.3,2.5,27,64,64,0.00,0.08,0.08,0.00,0.08,0.01,0.10,0.10,0.01,0.10
Marcel Franke,de GER,DF,Hannover 96,28,1993,28,28,"2,483",27.6,0,0,0,0,0,0,2,0,1.1,1.1,0.2,1.3,5,90,2,0.00,0.00,0.00,0.00,0.00,0.04,0.01,0.05,0.04,0.05
Mike Frantz,de GER,"MF,DF",Hannover 96,34,1986,8,4,226,2.5,0,0,0,0,0,0,0,0,0.0,0.0,0.1,0.1,2,7,4,0.00,0.00,0.00,0.00,0.00,0.00,0.05,0.05,0.00,0.05
Marco Friedl,at AUT,DF,Werder Bremen,23,1998,27,27,"2,372",26.4,4,3,7,4,0,0,9,0,2.3,2.3,2.5,4.7,36,135,13,0.15,0.11,0.27,0.15,0.27,0.09,0.09,0.18,0.09,0.18
Hólmbert Friðjónsson,is ISL,"FW,MF",Holstein Kiel,28,1993,4,0,87,1.0,0,0,0,0,0,0,1,0,0.1,0.1,0.0,0.2,1,0,6,0.00,0.00,0.00,0.00,0.00,0.13,0.04,0.17,0.13,0.17
Lukas Fröde,de GER,MF,Karlsruher,26,1995,2,0,4,0.0,0,0,0,0,0,0,0,0,0.0,0.0,0.0,0.0,0,0,0,0.00,0.00,0.00,0.00,0.00,0.00,0.00,0.00,0.00,0.00
Lukas Fröde,de GER,MF,Hansa Rostock,26,1995,25,24,"2,015",22.4,2,0,2,2,0,0,10,0,2.1,2.1,0.6,2.7,2,114,11,0.09,0.00,0.09,0.09,0.09,0.09,0.03,0.12,0.09,0.12
Nils Fröling,se SWE,FW,Hansa Rostock,21,2000,7,5,351,3.9,3,0,3,3,0,0,0,0,2.1,2.1,0.1,2.2,9,4,27,0.77,0.00,0.77,0.77,0.77,0.54,0.02,0.55,0.54,0.55
Niclas Füllkrug,de GER,FW,Werder Bremen,28,1993,33,27,"2,503",27.8,19,6,25,17,2,2,2,0,17.9,16.3,7.9,24.3,42,103,272,0.68,0.22,0.90,0.61,0.83,0.64,0.29,0.93,0.59,0.87
Dejan Galjen,de GER,MF,Werder Bremen,19,2002,1,0,1,0.0,0,0,0,0,0,0,0,0,0.0,0.0,0.0,0.0,0,0,0,0.00,0.00,0.00,0.00,0.00,0.00,0.00,0.00,0.00,0.00
Gianluca Gaudino,de GER,"MF,DF",Sandhausen,24,1996,6,1,140,1.6,0,0,0,0,0,0,0,0,0.0,0.0,0.3,0.3,5,6,7,0.00,0.00,0.00,0.00,0.00,0.02,0.19,0.21,0.02,0.21
Marcel Gaus,de GER,"MF,DF",Ingolstadt 04,31,1989,21,15,"1,209",13.4,1,3,4,1,0,0,5,1,1.1,1.1,2.0,3.1,22,34,46,0.07,0.22,0.30,0.07,0.30,0.08,0.15,0.23,0.08,0.23
Nicolas Gavory,fr FRA,DF,Düsseldorf,26,1995,12,11,"1,004",11.2,0,1,1,0,0,0,2,0,0.3,0.3,0.7,1.1,33,70,49,0.00,0.09,0.09,0.00,0.09,0.03,0.07,0.10,0.03,0.10
Christian Gebauer,at AUT,"MF,DF",Ingolstadt 04,27,1993,22,17,"1,533",17.0,1,0,1,1,0,0,0,0,1.1,1.1,0.9,2.0,28,55,66,0.06,0.00,0.06,0.06,0.06,0.07,0.05,0.12,0.07,0.12
Andreas Geipl,de GER,MF,Heidenheim,29,1992,16,9,610,6.8,0,0,0,0,0,0,5,0,0.3,0.3,0.1,0.4,4,29,7,0.00,0.00,0.00,0.00,0.00,0.04,0.01,0.05,0.04,0.05
Johannes Geis,de GER,MF,Nürnberg,27,1993,27,21,"1,749",19.4,3,2,5,3,0,0,4,0,1.1,1.1,2.3,3.4,5,103,10,0.15,0.10,0.26,0.15,0.26,0.06,0.12,0.18,0.06,0.18
Ioannis Gelios,gr GRE,GK,Holstein Kiel,29,1992,13,12,"1,015",11.3,0,0,0,0,0,0,0,1,0.0,0.0,0.0,0.0,0,0,0,0.00,0.00,0.00,0.00,0.00,0.00,0.00,0.00,0.00,0.00
Jann George,us USA,"FW,MF",Jahn R'burg,29,1992,3,0,47,0.5,0,0,0,0,0,0,0,0,0.0,0.0,0.0,0.0,1,2,2,0.00,0.00,0.00,0.00,0.00,0.06,0.00,0.06,0.06,0.06
Jann George,us USA,FW,Erzgebirge Aue,29,1992,6,0,119,1.3,0,0,0,0,0,0,0,0,0.5,0.5,0.5,0.9,3,4,9,0.00,0.00,0.00,0.00,0.00,0.35,0.37,0.72,0.35,0.72
Marius Gersbeck,de GER,GK,Karlsruher,26,1995,28,28,"2,509",27.9,0,0,0,0,0,0,0,1,0.0,0.0,0.0,0.0,0,1,0,0.00,0.00,0.00,0.00,0.00,0.00,0.00,0.00,0.00,0.00
Benedikt Gimber,de GER,MF,Jahn R'burg,24,1997,30,29,"2,504",27.8,3,2,5,3,0,0,12,0,2.8,2.8,1.0,3.9,20,115,26,0.11,0.07,0.18,0.11,0.18,0.10,0.04,0.14,0.10,0.14
Daniel Ginczek,de GER,"FW,MF",Düsseldorf,30,1991,9,7,522,5.8,3,1,4,2,1,1,1,1,3.5,2.7,1.8,4.5,7,18,36,0.52,0.17,0.69,0.34,0.52,0.60,0.31,0.91,0.47,0.78
Guram Giorbelidze,ge GEO,DF,Dresden,25,1996,18,9,948,10.5,0,0,0,0,0,0,3,0,0.2,0.2,0.4,0.6,25,31,28,0.00,0.00,0.00,0.00,0.00,0.02,0.04,0.06,0.02,0.06
,,,,,,,,,,,,,,,,,,,,,,,,,,,,,,,,,,
Klaus Gjasula,al ALB,MF,Darmstadt 98,31,1989,23,23,"1,858",20.6,1,3,4,1,0,0,13,2,1.5,1.5,1.3,2.7,16,117,13,0.05,0.15,0.19,0.05,0.19,0.07,0.06,0.13,0.07,0.13
Robert Glatzel,de GER,FW,Hamburger SV,27,1994,34,34,"2,866",31.8,22,3,25,21,1,3,2,0,22.2,19.8,3.5,23.3,33,43,187,0.69,0.09,0.79,0.66,0.75,0.70,0.11,0.81,0.62,0.73
Benjamin Goller,de GER,"FW,MF",Karlsruher,22,1999,13,11,836,9.3,1,2,3,1,0,0,3,0,0.6,0.6,1.5,2.0,29,14,73,0.11,0.22,0.32,0.11,0.32,0.06,0.16,0.22,0.06,0.22
Benjamin Goller,de GER,"MF,FW",Darmstadt 98,22,1999,11,7,617,6.9,2,1,3,2,0,0,1,0,1.2,1.2,1.2,2.5,23,26,46,0.29,0.15,0.44,0.29,0.44,0.18,0.18,0.36,0.18,0.36
Jérôme Gondorf,de GER,MF,Karlsruher,33,1988,30,30,"2,633",29.3,1,1,2,1,0,0,9,0,1.8,1.8,1.4,3.2,39,136,97,0.03,0.03,0.07,0.03,0.07,0.06,0.05,0.11,0.06,0.11
Sören Gonther,de GER,DF,Erzgebirge Aue,34,1986,29,27,"2,442",27.1,1,0,1,1,0,0,4,0,1.6,1.6,0.7,2.3,7,43,5,0.04,0.00,0.04,0.04,0.04,0.06,0.03,0.08,0.06,0.08
Daniel Gordon,jm JAM,DF,Karlsruher,36,1985,29,22,"2,027",22.5,2,1,3,2,0,0,5,1,1.4,1.4,0.3,1.7,5,78,5,0.09,0.04,0.13,0.09,0.13,0.06,0.01,0.07,0.06,0.07
Christian Groß,de GER,"MF,DF",Werder Bremen,32,1989,27,23,"2,053",22.8,0,2,2,0,0,0,7,1,0.9,0.9,1.1,2.0,35,140,20,0.00,0.09,0.09,0.00,0.09,0.04,0.05,0.09,0.04,0.09
Ilia Gruev,bg BUL,MF,Werder Bremen,21,2000,26,11,"1,195",13.3,1,0,1,1,0,0,4,0,1.3,1.3,0.7,2.0,15,57,20,0.08,0.00,0.08,0.08,0.08,0.10,0.05,0.15,0.10,0.15
Babacar Guèye,sn SEN,FW,Erzgebirge Aue,26,1994,14,7,761,8.5,2,0,2,2,0,0,0,0,4.2,4.2,0.9,5.1,5,16,55,0.24,0.00,0.24,0.24,0.24,0.50,0.11,0.60,0.50,0.60
Leon Guwara,gm GAM,DF,Jahn R'burg,25,1996,18,12,"1,011",11.2,1,1,2,1,0,0,1,0,0.3,0.3,0.9,1.1,29,46,55,0.09,0.09,0.18,0.09,0.18,0.02,0.08,0.10,0.02,0.10
Jan Gyamerah,de GER,DF,Hamburger SV,26,1995,16,13,"1,203",13.4,0,1,1,0,0,0,1,0,0.2,0.2,1.7,1.9,36,127,45,0.00,0.07,0.07,0.00,0.07,0.02,0.13,0.14,0.02,0.14
Robin Hack,de GER,MF,Nürnberg,22,1998,1,0,32,0.4,0,0,0,0,0,0,0,0,0.2,0.2,0.0,0.2,2,2,6,0.00,0.00,0.00,0.00,0.00,0.45,0.00,0.45,0.45,0.45
Tim Handwerker,de GER,DF,Nürnberg,23,1998,34,34,"3,038",33.8,1,1,2,1,0,0,1,0,2.3,2.3,3.9,6.2,86,116,133,0.03,0.03,0.06,0.03,0.06,0.07,0.11,0.18,0.07,0.18
Martin Hansen,dk DEN,GK,Hannover 96,31,1990,11,9,868,9.6,0,0,0,0,0,0,1,0,0.0,0.0,0.0,0.0,0,0,0,0.00,0.00,0.00,0.00,0.00,0.00,0.00,0.00,0.00,0.00
Marcel Hartel,de GER,MF,St. Pauli,25,1996,31,31,"2,573",28.6,2,4,6,2,0,0,5,0,2.8,2.8,4.5,7.3,85,187,150,0.07,0.14,0.21,0.07,0.21,0.10,0.16,0.26,0.10,0.26
Sascha Härtel,de GER,"DF,FW",Erzgebirge Aue,22,1999,10,3,423,4.7,1,0,1,1,0,0,0,0,1.0,1.0,0.7,1.7,6,13,15,0.21,0.00,0.21,0.21,0.21,0.22,0.14,0.36,0.22,0.36
Florian Hartherz,de GER,DF,Düsseldorf,28,1993,20,15,"1,369",15.2,1,1,2,1,0,0,1,0,0.9,0.9,1.9,2.8,28,78,55,0.07,0.07,0.13,0.07,0.13,0.06,0.13,0.19,0.06,0.19
Fabrice Hartmann,de GER,"FW,MF",Paderborn 07,20,2001,2,0,46,0.5,0,0,0,0,0,0,0,0,0.0,0.0,0.0,0.0,1,0,4,0.00,0.00,0.00,0.00,0.00,0.00,0.00,0.00,0.00,0.00
Jalen Hawkins,de GER,"MF,FW",Ingolstadt 04,20,2001,6,3,218,2.4,0,0,0,0,0,0,2,0,0.2,0.2,0.0,0.2,5,2,4,0.00,0.00,0.00,0.00,0.00,0.08,0.00,0.08,0.08,0.08
Niklas Heeger,de GER,GK,Karlsruher,21,2000,2,2,180,2.0,0,0,0,0,0,0,0,0,0.0,0.0,0.0,0.0,0,0,0,0.00,0.00,0.00,0.00,0.00,0.00,0.00,0.00,0.00,0.00
Michael Heinloth,de GER,DF,Ingolstadt 04,29,1992,25,24,"1,949",21.7,0,0,0,0,0,0,2,0,0.8,0.8,1.3,2.1,33,74,44,0.00,0.00,0.00,0.00,0.00,0.04,0.06,0.10,0.04,0.10
Philip Heise,de GER,DF,Karlsruher,30,1991,33,33,"2,755",30.6,0,10,10,0,0,0,5,0,1.6,1.6,7.2,8.8,87,196,124,0.00,0.33,0.33,0.00,0.33,0.05,0.23,0.29,0.05,0.29
Rouwen Hennings,de GER,FW,Düsseldorf,33,1987,30,29,"2,488",27.6,13,1,14,10,3,3,6,0,9.1,6.7,3.5,10.3,13,54,158,0.47,0.04,0.51,0.36,0.40,0.33,0.13,0.46,0.24,0.37
Luca Herrmann,de GER,MF,Dresden,22,1999,10,5,504,5.6,0,1,1,0,0,0,1,0,0.9,0.9,1.5,2.4,9,30,27,0.00,0.18,0.18,0.00,0.18,0.16,0.27,0.43,0.16,0.43
,,,,,,,,,,,,,,,,,,,,,,,,,,,,,,,,,,
Daniel Heuer Fernandes,pt POR,GK,Hamburger SV,28,1992,27,27,"2,430",27.0,0,0,0,0,0,0,0,0,0.0,0.0,0.0,0.0,0,9,0,0.00,0.00,0.00,0.00,0.00,0.00,0.00,0.00,0.00,0.00
Jannis Heuer,de GER,DF,Paderborn 07,22,1999,19,9,780,8.7,1,0,1,1,0,0,1,0,1.1,1.1,0.0,1.1,11,24,19,0.12,0.00,0.12,0.12,0.12,0.12,0.00,0.12,0.12,0.12
Moritz Heyer,de GER,"DF,MF",Hamburger SV,26,1995,32,29,"2,544",28.3,6,3,9,6,0,0,6,0,4.0,4.0,4.3,8.3,60,154,112,0.21,0.11,0.32,0.21,0.32,0.14,0.15,0.29,0.14,0.29
Lukas Hinterseer,at AUT,FW,Hannover 96,30,1991,16,12,"1,033",11.5,0,1,1,0,0,0,0,0,2.2,2.2,1.6,3.8,2,16,63,0.00,0.09,0.09,0.00,0.09,0.19,0.14,0.33,0.19,0.33
Jan Hochscheidt,de GER,"MF,FW",Erzgebirge Aue,33,1987,24,7,871,9.7,2,2,4,2,0,0,2,0,2.6,2.6,1.8,4.3,19,43,28,0.21,0.21,0.41,0.21,0.41,0.26,0.18,0.45,0.26,0.45
André Hoffmann,de GER,DF,Düsseldorf,28,1993,19,19,"1,634",18.2,1,0,1,1,0,0,2,0,0.6,0.6,0.7,1.3,12,76,2,0.06,0.00,0.06,0.06,0.06,0.03,0.04,0.07,0.03,0.07
Philipp Hofmann,de GER,FW,Karlsruher,28,1993,33,33,"2,924",32.5,19,2,21,19,0,0,5,0,14.5,14.5,3.4,17.8,13,56,160,0.58,0.06,0.65,0.58,0.65,0.45,0.10,0.55,0.45,0.55
Immanuel Höhn,de GER,DF,Sandhausen,29,1991,23,19,"1,692",18.8,3,0,3,3,0,0,5,0,1.3,1.3,0.1,1.3,4,28,0,0.16,0.00,0.16,0.16,0.16,0.07,0.00,0.07,0.07,0.07
Fabian Holland,de GER,"DF,MF",Darmstadt 98,31,1990,34,34,"3,058",34.0,3,3,6,3,0,0,2,0,1.8,1.8,4.4,6.2,43,172,84,0.09,0.09,0.18,0.09,0.18,0.05,0.13,0.18,0.05,0.18
Lewis Holtby,de GER,MF,Holstein Kiel,30,1990,23,18,"1,589",17.7,1,3,4,1,0,0,5,0,2.2,2.2,1.7,3.8,19,109,57,0.06,0.17,0.23,0.06,0.23,0.12,0.09,0.22,0.12,0.22
Mathias Honsak,at AUT,"MF,FW",Darmstadt 98,24,1996,32,17,"1,608",17.9,3,2,5,3,0,0,3,0,6.1,6.1,2.1,8.2,62,54,137,0.17,0.11,0.28,0.17,0.28,0.34,0.12,0.46,0.34,0.46
Matthew Hoppe,us USA,FW,Schalke 04,20,2001,1,0,17,0.2,0,0,0,0,0,0,0,0,0.0,0.0,0.0,0.0,0,0,1,0.00,0.00,0.00,0.00,0.00,0.00,0.00,0.00,0.00,0.00
Philipp Hosiner,at AUT,"FW,MF",Dresden,32,1989,8,1,262,2.9,0,0,0,0,0,0,2,0,1.1,1.1,0.5,1.6,2,3,26,0.00,0.00,0.00,0.00,0.00,0.38,0.18,0.56,0.38,0.56
Florian Hübner,de GER,DF,Nürnberg,30,1991,9,6,555,6.2,0,0,0,0,0,0,2,0,0.5,0.5,0.0,0.5,0,10,0,0.00,0.00,0.00,0.00,0.00,0.08,0.00,0.08,0.08,0.08
Niklas Hult,se SWE,DF,Hannover 96,31,1990,27,27,"2,220",24.7,1,0,1,1,0,0,3,1,1.9,1.9,2.1,4.0,62,98,92,0.04,0.00,0.04,0.04,0.04,0.08,0.08,0.16,0.08,0.16
Uwe Hünemeier,de GER,DF,Paderborn 07,35,1986,29,28,"2,467",27.4,0,2,2,0,0,0,5,1,0.6,0.6,1.7,2.2,26,106,11,0.00,0.07,0.07,0.00,0.07,0.02,0.06,0.08,0.02,0.08
Oliver Hüsing,de GER,DF,Heidenheim,28,1993,33,33,"2,970",33.0,2,1,3,2,0,0,3,0,2.1,2.1,1.1,3.2,6,71,8,0.06,0.03,0.09,0.06,0.09,0.06,0.03,0.10,0.06,0.10
Jannik Huth,de GER,GK,Paderborn 07,27,1994,34,34,"3,060",34.0,0,0,0,0,0,0,0,0,0.0,0.0,0.3,0.3,0,4,0,0.00,0.00,0.00,0.00,0.00,0.00,0.01,0.01,0.00,0.01
Blendi Idrizi,xk KVX,MF,Schalke 04,23,1998,22,9,830,9.2,1,3,4,1,0,0,3,0,1.8,1.8,2.4,4.2,30,59,36,0.11,0.33,0.43,0.11,0.43,0.20,0.26,0.46,0.20,0.46
Aleksandar Ignjovski,rs SRB,MF,Holstein Kiel,30,1991,5,2,263,2.9,0,0,0,0,0,0,0,0,0.0,0.0,0.1,0.1,3,7,1,0.00,0.00,0.00,0.00,0.00,0.01,0.02,0.03,0.01,0.03
Svante Ingelsson,se SWE,"MF,FW",Hansa Rostock,23,1998,28,16,"1,468",16.3,1,1,2,1,0,0,3,0,2.3,2.3,4.1,6.3,41,33,110,0.06,0.06,0.12,0.06,0.12,0.14,0.25,0.39,0.14,0.39
Felix Irorere,de GER,DF,Karlsruher,19,2002,2,0,58,0.6,0,0,0,0,0,0,0,0,0.1,0.1,0.0,0.1,1,5,0,0.00,0.00,0.00,0.00,0.00,0.12,0.00,0.12,0.12,0.12
Jackson Irvine,au AUS,MF,St. Pauli,28,1993,28,23,"2,100",23.3,1,3,4,1,0,0,6,0,3.0,3.0,2.0,5.0,17,136,80,0.04,0.13,0.17,0.04,0.17,0.13,0.09,0.22,0.13,0.22
Thomas Isherwood,se SWE,DF,Darmstadt 98,23,1998,24,21,"1,824",20.3,0,0,0,0,0,0,4,0,0.4,0.4,0.8,1.2,5,31,1,0.00,0.00,0.00,0.00,0.00,0.02,0.04,0.06,0.02,0.06
Ko Itakura,jp JPN,"DF,MF",Schalke 04,24,1997,31,30,"2,665",29.6,4,0,4,4,0,0,3,0,1.5,1.5,1.1,2.6,19,88,13,0.14,0.00,0.14,0.14,0.14,0.05,0.04,0.09,0.05,0.09
,,,,,,,,,,,,,,,,,,,,,,,,,,,,,,,,,,
Emmanuel Iyoha,de GER,"FW,MF",Düsseldorf,23,1997,17,10,933,10.4,1,1,2,1,0,0,0,0,2.5,2.5,1.7,4.2,31,21,74,0.10,0.10,0.19,0.10,0.19,0.24,0.16,0.41,0.24,0.41
Kilian Jakob,de GER,"DF,MF",Karlsruher,23,1998,13,2,365,4.1,0,0,0,0,0,0,1,0,0.2,0.2,0.3,0.5,10,11,17,0.00,0.00,0.00,0.00,0.00,0.05,0.07,0.12,0.05,0.12
Bakery Jatta,gm GAM,"FW,MF",Hamburger SV,23,1998,34,30,"2,476",27.5,3,8,11,3,0,0,4,0,6.0,6.0,9.5,15.5,89,83,341,0.11,0.29,0.40,0.11,0.40,0.22,0.34,0.56,0.22,0.56
Robert Jendrusch,de GER,GK,Ingolstadt 04,25,1996,8,7,671,7.5,0,0,0,0,0,0,0,0,0.0,0.0,0.0,0.0,0,0,0,0.00,0.00,0.00,0.00,0.00,0.00,0.00,0.00,0.00,0.00
Marko Johansson,se SWE,GK,Hamburger SV,22,1998,7,7,630,7.0,0,0,0,0,0,0,0,0,0.0,0.0,0.0,0.0,0,0,0,0.00,0.00,0.00,0.00,0.00,0.00,0.00,0.00,0.00,0.00
Seo Jongmin,kr KOR,"FW,MF",Dresden,19,2002,4,0,74,0.8,0,0,0,0,0,0,0,0,0.1,0.1,0.1,0.1,2,1,5,0.00,0.00,0.00,0.00,0.00,0.08,0.07,0.15,0.08,0.15
Antonio Jonjić,de GER,"FW,MF",Erzgebirge Aue,21,1999,25,19,"1,654",18.4,6,0,6,6,0,0,5,0,2.2,2.2,2.5,4.6,53,55,107,0.33,0.00,0.33,0.33,0.33,0.12,0.13,0.25,0.12,0.25
Anthony Jung,de GER,DF,Werder Bremen,29,1991,30,28,"2,520",28.0,2,2,4,2,0,0,7,0,1.8,1.8,1.3,3.0,47,136,82,0.07,0.07,0.14,0.07,0.14,0.06,0.04,0.11,0.06,0.11
Sebastian Jung,de GER,DF,Karlsruher,31,1990,6,6,540,6.0,1,1,2,1,0,0,1,0,0.5,0.5,0.5,1.0,10,36,27,0.17,0.17,0.33,0.17,0.33,0.08,0.08,0.17,0.08,0.17
Julian Justvan,de GER,"DF,MF",Paderborn 07,23,1998,33,30,"2,428",27.0,1,4,5,1,0,0,1,0,2.8,2.8,5.9,8.7,92,148,142,0.04,0.15,0.19,0.04,0.19,0.10,0.22,0.32,0.10,0.32
Julius Kade,de GER,MF,Dresden,22,1999,29,24,"1,950",21.7,2,1,3,2,0,0,3,1,2.2,2.2,0.9,3.1,32,86,78,0.09,0.05,0.14,0.09,0.14,0.10,0.04,0.14,0.10,0.14
Dominik Kaiser,de GER,MF,Hannover 96,32,1988,27,19,"1,712",19.0,2,1,3,2,0,0,4,0,2.4,2.4,1.3,3.7,7,75,25,0.11,0.05,0.16,0.11,0.16,0.12,0.07,0.19,0.12,0.19
Marcin Kamiński,pl POL,DF,Schalke 04,29,1992,31,31,"2,790",31.0,2,2,4,2,0,0,6,0,2.2,2.2,2.1,4.3,38,162,18,0.06,0.06,0.13,0.06,0.13,0.07,0.07,0.14,0.07,0.14
Emir Karic,at AUT,"MF,DF",Darmstadt 98,24,1997,26,11,"1,165",12.9,2,1,3,2,0,0,4,0,2.1,2.1,1.1,3.2,21,37,73,0.15,0.08,0.23,0.15,0.23,0.16,0.09,0.25,0.16,0.25
Florian Kastenmeier,de GER,GK,Düsseldorf,24,1997,28,28,"2,513",27.9,0,0,0,0,0,0,0,1,0.0,0.0,0.1,0.1,0,3,0,0.00,0.00,0.00,0.00,0.00,0.00,0.00,0.00,0.00,0.00
Fabio Kaufmann,de GER,"FW,MF",Karlsruher,28,1992,23,6,642,7.1,0,1,1,0,0,0,0,0,0.6,0.6,0.6,1.3,22,17,57,0.00,0.14,0.14,0.00,0.14,0.09,0.09,0.18,0.09,0.18
Mikkel Kaufmann,dk DEN,FW,Hamburger SV,20,2001,26,2,447,5.0,2,1,3,2,0,0,4,0,2.3,2.3,0.8,3.2,2,3,25,0.40,0.20,0.60,0.40,0.60,0.46,0.17,0.63,0.46,0.63
Fatih Kaya,,FW,Ingolstadt 04,21,1999,17,3,529,5.9,3,0,3,2,1,1,1,0,2.2,1.4,1.1,2.5,4,12,29,0.51,0.00,0.51,0.34,0.34,0.37,0.19,0.56,0.23,0.42
Daniel Keita-Ruel,fr FRA,FW,Sandhausen,31,1989,10,8,705,7.8,1,1,2,1,0,0,1,0,1.7,1.7,0.6,2.4,7,13,25,0.13,0.13,0.26,0.13,0.26,0.22,0.08,0.30,0.22,0.30
Thomas Keller,de GER,"MF,DF",Ingolstadt 04,21,1999,19,17,"1,427",15.9,1,0,1,1,0,0,5,0,1.7,1.7,0.4,2.0,19,48,14,0.06,0.00,0.06,0.06,0.06,0.10,0.02,0.13,0.10,0.13
Tobias Kempe,de GER,MF,Darmstadt 98,32,1989,30,27,"2,379",26.4,6,9,15,4,2,2,5,0,4.9,3.4,5.6,8.9,36,95,61,0.23,0.34,0.57,0.15,0.49,0.19,0.21,0.40,0.13,0.34
Scott Kennedy,ca CAN,DF,Jahn R'burg,24,1997,23,19,"1,732",19.2,2,0,2,2,0,0,1,0,1.2,1.2,0.5,1.7,4,51,6,0.10,0.00,0.10,0.10,0.10,0.06,0.02,0.09,0.06,0.09
Sebastian Kerk,de GER,"MF,FW",Hannover 96,27,1994,31,28,"2,369",26.3,9,4,13,9,0,0,2,0,5.5,5.5,6.7,12.2,16,111,168,0.34,0.15,0.49,0.34,0.49,0.21,0.25,0.46,0.21,0.46
Konstantin Kerschbaumer,at AUT,"MF,FW",Heidenheim,29,1992,5,0,66,0.7,0,0,0,0,0,0,0,0,0.0,0.0,0.1,0.1,0,7,3,0.00,0.00,0.00,0.00,0.00,0.05,0.07,0.12,0.05,0.12
Christian Kinsombi,de GER,"FW,MF",Sandhausen,21,1999,18,8,804,8.9,2,0,2,2,0,0,2,0,2.0,2.0,0.8,2.8,21,16,47,0.22,0.00,0.22,0.22,0.22,0.22,0.09,0.31,0.22,0.31
,,,,,,,,,,,,,,,,,,,,,,,,,,,,,,,,,,
David Kinsombi,cd COD,MF,Hamburger SV,25,1995,25,10,"1,081",12.0,2,3,5,0,2,2,1,0,3.7,2.2,2.7,4.8,32,46,93,0.17,0.25,0.42,0.00,0.25,0.31,0.22,0.53,0.18,0.40
Mikkel Kirkeskov,dk DEN,"DF,FW",Holstein Kiel,29,1991,14,10,857,9.5,0,1,1,0,0,0,2,0,0.1,0.1,1.9,1.9,22,65,29,0.00,0.11,0.11,0.00,0.11,0.01,0.20,0.20,0.01,0.20
Thorsten Kirschbaum,de GER,GK,Jahn R'burg,34,1987,3,3,270,3.0,0,0,0,0,0,0,0,0,0.0,0.0,0.0,0.0,0,0,0,0.00,0.00,0.00,0.00,0.00,0.00,0.00,0.00,0.00,0.00
Tim Kister,de GER,"DF,MF",Sandhausen,34,1986,5,1,67,0.7,0,0,0,0,0,0,0,0,0.0,0.0,0.0,0.0,0,0,0,0.00,0.00,0.00,0.00,0.00,0.00,0.00,0.00,0.00,0.00
Sonny Kittel,de GER,"MF,FW",Hamburger SV,28,1993,33,29,"2,533",28.1,9,12,21,6,3,3,5,0,8.8,6.5,10.9,17.4,69,153,202,0.32,0.43,0.75,0.21,0.64,0.31,0.39,0.70,0.23,0.62
Christoph Klarer,at AUT,DF,Düsseldorf,21,2000,31,23,"2,056",22.8,3,0,3,3,0,0,4,0,1.8,1.8,0.4,2.2,18,94,13,0.13,0.00,0.13,0.13,0.13,0.08,0.02,0.10,0.08,0.10
Carl Klaus,de GER,GK,Nürnberg,27,1994,1,1,90,1.0,0,0,0,0,0,0,0,0,0.0,0.0,0.0,0.0,0,0,0,0.00,0.00,0.00,0.00,0.00,0.00,0.00,0.00,0.00,0.00
Felix Klaus,de GER,"MF,FW",Düsseldorf,28,1992,23,15,"1,232",13.7,1,4,5,1,0,0,2,0,2.7,2.7,3.2,5.9,31,36,105,0.07,0.29,0.37,0.07,0.37,0.20,0.23,0.43,0.20,0.43
Tim Kleindienst,de GER,FW,Heidenheim,25,1995,30,27,"2,438",27.1,10,2,12,10,0,1,7,0,11.4,10.6,1.9,12.5,42,63,158,0.37,0.07,0.44,0.37,0.44,0.42,0.07,0.49,0.39,0.46
Philipp Klement,de GER,MF,Paderborn 07,28,1992,11,11,910,10.1,2,4,6,2,0,0,1,0,2.8,2.8,2.0,4.8,24,93,40,0.20,0.40,0.59,0.20,0.59,0.28,0.20,0.48,0.28,0.48
Philipp Klewin,de GER,GK,Erzgebirge Aue,27,1993,7,7,630,7.0,0,0,0,0,0,0,0,0,0.0,0.0,0.0,0.0,0,0,0,0.00,0.00,0.00,0.00,0.00,0.00,0.01,0.01,0.00,0.01
Tim Knipping,de GER,DF,Dresden,28,1992,14,14,"1,186",13.2,2,2,4,2,0,0,3,0,2.2,2.2,1.5,3.7,7,39,3,0.15,0.15,0.30,0.15,0.30,0.16,0.12,0.28,0.16,0.28
Christoph Kobald,at AUT,DF,Karlsruher,23,1997,29,28,"2,394",26.6,1,1,2,1,0,0,6,0,2.5,2.5,0.2,2.7,16,93,2,0.04,0.04,0.08,0.04,0.08,0.09,0.01,0.10,0.09,0.10
Markus Kolke,de GER,GK,Hansa Rostock,30,1990,34,34,"3,060",34.0,0,0,0,0,0,0,1,0,0.0,0.0,0.0,0.0,0,3,0,0.00,0.00,0.00,0.00,0.00,0.00,0.00,0.00,0.00,0.00
Marco Komenda,hr CRO,DF,Holstein Kiel,24,1996,10,10,791,8.8,0,1,1,0,0,0,1,0,0.1,0.1,0.5,0.6,6,46,5,0.00,0.11,0.11,0.00,0.11,0.01,0.06,0.07,0.01,0.07
Ransford Königsdörffer,gh GHA,"FW,MF",Dresden,19,2001,30,26,"2,053",22.8,5,2,7,5,0,0,5,0,5.7,5.7,2.7,8.4,57,41,161,0.22,0.09,0.31,0.22,0.31,0.25,0.12,0.37,0.25,0.37
Pascal Köpke,de GER,FW,Nürnberg,25,1995,16,9,765,8.5,3,1,4,3,0,0,2,0,3.1,2.8,2.5,5.4,4,12,51,0.35,0.12,0.47,0.35,0.47,0.37,0.30,0.67,0.33,0.63
Julian Korb,de GER,"DF,FW",Holstein Kiel,29,1992,21,13,"1,206",13.4,4,0,4,4,0,0,5,0,2.1,2.1,0.8,2.9,19,55,49,0.30,0.00,0.30,0.30,0.30,0.16,0.06,0.22,0.16,0.22
Dominik Kother,de GER,"MF,FW",Karlsruher,21,2000,11,2,267,3.0,1,1,2,1,0,0,0,0,1.5,1.5,0.7,2.2,7,9,19,0.34,0.34,0.67,0.34,0.67,0.51,0.24,0.75,0.51,0.75
Tim Köther,de GER,FW,Düsseldorf,20,2001,1,1,73,0.8,0,0,0,0,0,0,1,0,0.4,0.4,0.1,0.5,2,1,2,0.00,0.00,0.00,0.00,0.00,0.46,0.12,0.58,0.46,0.58
Jonatan Kotzke,de GER,DF,Ingolstadt 04,31,1990,11,6,638,7.1,0,0,0,0,0,0,1,0,0.1,0.1,0.1,0.2,1,10,3,0.00,0.00,0.00,0.00,0.00,0.01,0.01,0.02,0.01,0.02
Niko Koulis,de GER,FW,Holstein Kiel,22,1999,1,0,1,0.0,0,0,0,0,0,0,0,0,0.0,0.0,0.0,0.0,0,0,0,0.00,0.00,0.00,0.00,0.00,0.00,0.00,0.00,0.00,0.00
Leonardo Koutris,gr GRE,DF,Düsseldorf,26,1995,12,8,716,8.0,0,0,0,0,0,0,1,0,0.3,0.3,1.5,1.8,29,50,42,0.00,0.00,0.00,0.00,0.00,0.04,0.19,0.23,0.04,0.23
Dawid Kownacki,pl POL,"MF,FW",Düsseldorf,24,1997,7,1,134,1.5,0,0,0,0,0,0,2,0,0.3,0.3,0.1,0.4,1,3,11,0.00,0.00,0.00,0.00,0.00,0.21,0.04,0.25,0.21,0.25
Elija Krahn,de GER,MF,Hamburger SV,17,2003,1,0,5,0.1,0,1,1,0,0,0,0,0,0.0,0.0,0.3,0.3,1,1,0,0.00,18.00,18.00,0.00,18.00,0.00,4.92,4.92,0.00,4.92
,,,,,,,,,,,,,,,,,,,,,,,,,,,,,,,,,,
Luka Krajnc,si SVN,DF,Hannover 96,26,1994,20,12,"1,269",14.1,0,0,0,0,0,0,1,0,0.5,0.5,0.0,0.5,6,35,6,0.00,0.00,0.00,0.00,0.00,0.03,0.00,0.03,0.03,0.03
Bleron Krasniqi,xk KVX,MF,Schalke 04,19,2002,1,0,18,0.2,0,0,0,0,0,0,0,0,0.5,0.5,0.5,1.0,0,0,0,0.00,0.00,0.00,0.00,0.00,2.44,2.51,4.95,2.44,4.95
Tom Krauß,de GER,MF,Nürnberg,20,2001,32,24,"2,113",23.5,3,2,5,3,0,0,3,0,2.7,2.7,1.7,4.4,37,88,74,0.13,0.09,0.21,0.13,0.21,0.11,0.07,0.19,0.11,0.19
Jeroen Krupa,de GER,FW,Ingolstadt 04,18,2003,1,0,5,0.1,0,0,0,0,0,0,0,0,0.0,0.0,0.0,0.0,0,0,0,0.00,0.00,0.00,0.00,0.00,0.00,0.00,0.00,0.00,0.00
Christian Kühlwetter,de GER,"FW,MF",Heidenheim,25,1996,31,20,"1,581",17.6,4,2,6,4,0,0,5,0,4.8,4.8,2.1,6.9,36,48,128,0.23,0.11,0.34,0.23,0.34,0.27,0.12,0.39,0.27,0.39
Nicolas-Gerrit Kühn,de GER,"FW,MF",Erzgebirge Aue,21,2000,27,21,"1,742",19.4,3,4,7,3,0,0,3,0,4.1,4.1,4.0,8.1,89,66,118,0.15,0.21,0.36,0.15,0.36,0.21,0.21,0.42,0.21,0.42
Alou Kuol,au AUS,FW,Sandhausen,20,2000,1,0,11,0.1,0,0,0,0,0,0,0,1,0.0,0.0,0.0,0.0,0,0,0,0.00,0.00,0.00,0.00,0.00,0.00,0.00,0.00,0.00,0.00
Peter Kurzweg,de GER,DF,Ingolstadt 04,27,1994,2,0,58,0.6,0,0,0,0,0,0,1,0,0.0,0.0,0.0,0.0,0,0,1,0.00,0.00,0.00,0.00,0.00,0.00,0.00,0.00,0.00,0.00
Markus Kuster,at AUT,GK,Karlsruher,27,1994,4,3,278,3.1,0,0,0,0,0,0,0,0,0.0,0.0,0.0,0.0,0,0,0,0.00,0.00,0.00,0.00,0.00,0.00,0.00,0.00,0.00,0.00
Stefan Kutschke,de GER,FW,Ingolstadt 04,32,1988,24,18,"1,605",17.8,2,0,2,2,0,1,4,0,3.8,3.0,1.1,4.1,15,31,85,0.11,0.00,0.11,0.11,0.11,0.21,0.06,0.27,0.17,0.23
Ahmed Kutucu,tr TUR,"FW,MF",Sandhausen,21,2000,10,2,231,2.6,1,0,1,1,0,0,2,0,1.8,1.8,0.1,1.9,7,3,15,0.39,0.00,0.39,0.39,0.39,0.71,0.02,0.73,0.71,0.73
Daniel Kyereh,gh GHA,"MF,FW",St. Pauli,25,1996,29,28,"2,491",27.7,12,9,21,11,1,2,5,0,11.6,10.0,5.0,15.0,83,113,237,0.43,0.33,0.76,0.40,0.72,0.42,0.18,0.60,0.36,0.54
Choi Kyoung-rok,kr KOR,"MF,FW",Karlsruher,26,1995,24,23,"1,829",20.3,5,1,6,5,0,0,3,1,3.5,3.5,1.8,5.4,34,72,113,0.25,0.05,0.30,0.25,0.30,0.17,0.09,0.26,0.17,0.26
Marc Lamti,tn TUN,DF,Hannover 96,20,2001,1,0,45,0.5,0,0,0,0,0,0,0,0,0.0,0.0,0.0,0.0,4,6,0,0.00,0.00,0.00,0.00,0.00,0.00,0.00,0.00,0.00,0.00
Jannis Lang,de GER,"MF,DF",Erzgebirge Aue,19,2002,2,0,13,0.1,0,0,0,0,0,0,0,0,0.0,0.0,0.0,0.0,0,0,0,0.00,0.00,0.00,0.00,0.00,0.00,0.00,0.00,0.00,0.00
Michael Langer,at AUT,GK,Schalke 04,36,1985,2,2,180,2.0,0,0,0,0,0,0,0,0,0.0,0.0,0.0,0.0,0,0,0,0.00,0.00,0.00,0.00,0.00,0.00,0.00,0.00,0.00,0.00
Danny Latza,de GER,MF,Schalke 04,31,1989,15,9,722,8.0,2,0,2,2,0,0,5,0,1.0,1.0,0.5,1.4,8,56,26,0.25,0.00,0.25,0.25,0.25,0.12,0.06,0.18,0.12,0.18
James Lawrence,wls WAL,DF,St. Pauli,28,1992,18,10,"1,077",12.0,0,1,1,0,0,0,0,0,0.4,0.4,0.5,0.8,29,73,4,0.00,0.08,0.08,0.00,0.08,0.03,0.04,0.07,0.03,0.07
Tim Leibold,de GER,DF,Hamburger SV,27,1993,11,11,909,10.1,0,0,0,0,0,0,5,0,0.9,0.9,1.8,2.7,35,108,56,0.00,0.00,0.00,0.00,0.00,0.09,0.18,0.26,0.09,0.26
Robert Leipertz,de GER,"MF,FW",Heidenheim,28,1993,32,15,"1,603",17.8,6,6,12,6,0,0,3,0,6.1,6.1,3.5,9.6,35,43,116,0.34,0.34,0.67,0.34,0.67,0.34,0.20,0.54,0.34,0.54
Andre Leipold,de GER,MF,Darmstadt 98,19,2001,1,0,31,0.3,0,0,0,0,0,0,0,0,0.0,0.0,0.0,0.0,1,3,1,0.00,0.00,0.00,0.00,0.00,0.13,0.00,0.13,0.13,0.13
Denis Linsmayer,de GER,MF,Ingolstadt 04,29,1991,20,16,"1,285",14.3,0,0,0,0,0,0,5,0,0.6,0.6,0.3,0.9,4,31,10,0.00,0.00,0.00,0.00,0.00,0.04,0.02,0.07,0.04,0.07
Arian Llugiqi,xk KVX,"FW,MF",Ingolstadt 04,18,2002,4,0,42,0.5,0,0,0,0,0,0,0,0,0.1,0.1,0.0,0.1,0,0,2,0.00,0.00,0.00,0.00,0.00,0.25,0.00,0.25,0.25,0.25
Lex Lobinger,de GER,FW,Düsseldorf,22,1999,10,0,90,1.0,0,0,0,0,0,0,0,0,0.3,0.3,0.0,0.3,1,1,10,0.00,0.00,0.00,0.00,0.00,0.30,0.03,0.34,0.30,0.34
Marius Lode,no NOR,DF,Schalke 04,28,1993,6,2,208,2.3,0,2,2,0,0,0,0,0,0.0,0.0,0.5,0.5,2,11,6,0.00,0.87,0.87,0.00,0.87,0.00,0.22,0.22,0.00,0.22
,,,,,,,,,,,,,,,,,,,,,,,,,,,,,,,,,,
Felix Lohkemper,de GER,FW,Nürnberg,26,1995,1,0,45,0.5,0,0,0,0,0,0,0,0,0.2,0.2,0.0,0.2,1,1,5,0.00,0.00,0.00,0.00,0.00,0.41,0.00,0.41,0.41,0.41
Jan Löhmannsröben,de GER,"FW,DF",Hansa Rostock,30,1991,3,0,45,0.5,0,0,0,0,0,0,0,0,0.0,0.0,0.0,0.0,2,6,1,0.00,0.00,0.00,0.00,0.00,0.06,0.00,0.06,0.06,0.06
Marc Lorenz,de GER,"MF,FW",Karlsruher,33,1988,21,11,937,10.4,1,2,3,1,0,0,3,0,1.6,1.6,1.8,3.4,24,30,89,0.10,0.19,0.29,0.10,0.29,0.15,0.17,0.32,0.15,0.32
Simon Lorenz,de GER,DF,Holstein Kiel,24,1997,26,23,"2,067",23.0,1,0,1,1,0,0,3,0,0.8,0.8,0.8,1.6,28,82,18,0.04,0.00,0.04,0.04,0.04,0.04,0.04,0.07,0.04,0.07
Chris Löwe,de GER,DF,Dresden,32,1989,27,26,"2,142",23.8,0,2,2,0,0,0,4,0,0.7,0.7,3.4,4.1,51,121,75,0.00,0.08,0.08,0.00,0.08,0.03,0.14,0.16,0.03,0.16
Justin Löwe,de GER,MF,Dresden,22,1998,1,1,90,1.0,1,0,1,1,0,0,0,0,,,,,,,,1.00,0.00,1.00,1.00,1.00,,,,,
Lars Lukas Mai,de GER,DF,Werder Bremen,21,2000,16,9,858,9.5,0,0,0,0,0,0,1,0,0.7,0.7,0.4,1.0,8,68,1,0.00,0.00,0.00,0.00,0.00,0.07,0.04,0.11,0.07,0.11
Sebastian Mai,de GER,"DF,MF",Dresden,27,1993,16,4,651,7.2,1,0,1,1,0,0,1,0,1.4,1.4,0.5,1.9,4,41,19,0.14,0.00,0.14,0.14,0.14,0.19,0.07,0.26,0.19,0.26
Linton Maina,de GER,"FW,MF",Hannover 96,22,1999,27,19,"1,606",17.8,6,1,7,6,0,0,2,0,5.6,5.6,2.6,8.1,54,52,117,0.34,0.06,0.39,0.34,0.39,0.31,0.14,0.45,0.31,0.45
Patrick Mainka,de GER,DF,Heidenheim,26,1994,32,31,"2,779",30.9,3,1,4,3,0,0,4,0,3.1,3.1,0.9,4.0,23,103,6,0.10,0.03,0.13,0.10,0.13,0.10,0.03,0.13,0.10,0.13
Erik Majetschak,de GER,DF,Erzgebirge Aue,21,2000,17,8,736,8.2,0,1,1,0,0,0,1,0,0.5,0.5,0.2,0.7,7,13,3,0.00,0.12,0.12,0.00,0.12,0.06,0.03,0.09,0.06,0.09
Simon Makienok,dk DEN,FW,St. Pauli,30,1990,27,12,"1,024",11.4,6,0,6,6,0,0,1,0,4.1,4.0,0.9,4.9,7,26,91,0.53,0.00,0.53,0.53,0.53,0.36,0.08,0.44,0.35,0.43
Haralambos Makridis,gr GRE,"FW,MF",Jahn R'burg,25,1996,26,7,644,7.2,3,0,3,3,0,0,1,0,2.6,2.6,0.4,3.0,14,9,42,0.42,0.00,0.42,0.42,0.42,0.36,0.06,0.42,0.36,0.42
Maurice Malone,de GER,"FW,MF",Heidenheim,20,2000,20,6,699,7.8,2,0,2,2,0,0,2,0,2.0,2.0,0.4,2.4,18,16,42,0.26,0.00,0.26,0.26,0.26,0.26,0.05,0.31,0.26,0.31
Ryan Malone,us USA,DF,Hansa Rostock,28,1992,23,18,"1,638",18.2,0,1,1,0,0,0,5,0,1.7,1.7,1.1,2.8,9,49,8,0.00,0.05,0.05,0.00,0.05,0.09,0.06,0.15,0.09,0.15
Streli Mamba,de GER,"FW,MF",Hansa Rostock,27,1994,15,9,783,8.7,1,0,1,1,0,0,1,0,4.0,4.0,0.6,4.6,18,11,54,0.11,0.00,0.11,0.11,0.11,0.46,0.07,0.53,0.46,0.53
Antonio Mance,hr CRO,FW,Erzgebirge Aue,25,1995,8,2,254,2.8,0,0,0,0,0,0,1,0,1.4,1.4,0.6,2.0,5,5,13,0.00,0.00,0.00,0.00,0.00,0.51,0.22,0.73,0.51,0.73
Martin Männel,de GER,GK,Erzgebirge Aue,33,1988,27,27,"2,430",27.0,0,0,0,0,0,0,0,0,0.0,0.0,0.0,0.0,0,3,0,0.00,0.00,0.00,0.00,0.00,0.00,0.00,0.00,0.00,0.00
Marcel Mansfeld,de GER,MF,Düsseldorf,20,2001,1,0,6,0.1,0,0,0,0,0,0,0,0,0.0,0.0,0.0,0.0,0,1,0,0.00,0.00,0.00,0.00,0.00,0.00,0.00,0.00,0.00,0.00
Braydon Manu,gh GHA,MF,Darmstadt 98,24,1997,21,10,829,9.2,4,4,8,4,0,0,6,0,2.3,2.3,1.4,3.7,37,22,65,0.43,0.43,0.87,0.43,0.87,0.25,0.15,0.40,0.25,0.40
Stefano Marino,de GER,"DF,MF",Karlsruher,17,2004,2,0,10,0.1,0,0,0,0,0,0,0,0,0.0,0.0,0.0,0.0,1,0,0,0.00,0.00,0.00,0.00,0.00,0.00,0.00,0.00,0.00,0.00
Theo Martens,de GER,MF,Hansa Rostock,18,2003,1,0,9,0.1,0,0,0,0,0,0,0,0,0.0,0.0,0.0,0.0,0,0,1,0.00,0.00,0.00,0.00,0.00,0.00,0.00,0.00,0.00,0.00
Jan-Hendrik Marx,de GER,DF,Ingolstadt 04,26,1995,3,2,223,2.5,0,1,1,0,0,0,0,0,0.1,0.1,0.1,0.1,5,5,10,0.00,0.40,0.40,0.00,0.40,0.02,0.03,0.05,0.02,0.05
Igor Matanovic,hr CRO,FW,St. Pauli,18,2003,18,6,553,6.1,2,2,4,2,0,0,2,1,1.0,1.0,1.4,2.3,9,10,40,0.33,0.33,0.65,0.33,0.65,0.16,0.22,0.38,0.16,0.38
Christian Mathenia,de GER,GK,Nürnberg,29,1992,33,33,"2,970",33.0,0,0,0,0,0,0,3,0,0.0,0.0,0.0,0.0,0,2,0,0.00,0.00,0.00,0.00,0.00,0.00,0.00,0.00,0.00,0.00
,,,,,,,,,,,,,,,,,,,,,,,,,,,,,,,,,,
Henning Matriciani,de GER,"DF,MF",Schalke 04,21,2000,12,3,335,3.7,0,0,0,0,0,0,1,0,0.1,0.1,0.2,0.3,6,15,6,0.00,0.00,0.00,0.00,0.00,0.03,0.05,0.08,0.03,0.08
Keke Maximilian Topp,de GER,FW,Schalke 04,17,2004,1,0,10,0.1,0,0,0,0,0,0,0,0,0.1,0.1,0.0,0.1,0,0,3,0.00,0.00,0.00,0.00,0.00,0.58,0.00,0.58,0.58,0.58
Jean-Manuel Mbom,de GER,"DF,MF",Werder Bremen,21,2000,19,11,"1,057",11.7,0,1,1,0,0,0,1,0,0.7,0.7,1.5,2.2,39,53,52,0.00,0.09,0.09,0.00,0.09,0.06,0.12,0.19,0.06,0.19
Jakov Medić,hr CRO,DF,St. Pauli,22,1998,30,29,"2,552",28.4,1,2,3,1,0,0,4,0,1.9,1.9,0.9,2.7,28,109,7,0.04,0.07,0.11,0.04,0.11,0.07,0.03,0.10,0.07,0.10
Joshua Mees,de GER,"FW,MF",Holstein Kiel,25,1996,16,3,450,5.0,4,0,4,4,0,0,0,0,2.1,2.1,0.8,2.9,7,2,40,0.80,0.00,0.80,0.80,0.80,0.42,0.17,0.59,0.42,0.59
Jonas Meffert,de GER,MF,Hamburger SV,26,1994,33,33,"2,869",31.9,1,4,5,1,0,0,7,0,1.8,1.8,2.3,4.1,39,210,47,0.03,0.13,0.16,0.03,0.16,0.06,0.07,0.13,0.06,0.13
Marcel Mehlem,de GER,MF,Paderborn 07,26,1995,24,13,"1,346",15.0,1,1,2,1,0,0,4,0,1.0,1.0,1.7,2.7,25,41,55,0.07,0.07,0.13,0.07,0.13,0.07,0.11,0.18,0.07,0.18
Marvin Mehlem,de GER,MF,Darmstadt 98,23,1997,20,9,871,9.7,0,3,3,0,0,0,2,0,2.8,2.8,1.9,4.8,25,54,36,0.00,0.31,0.31,0.00,0.31,0.29,0.20,0.49,0.29,0.49
Jonathan Meier,de GER,DF,Hansa Rostock,21,1999,18,4,638,7.1,0,0,0,0,0,0,1,0,0.1,0.1,0.3,0.4,17,32,30,0.00,0.00,0.00,0.00,0.00,0.01,0.04,0.06,0.01,0.06
Robin Meißner,de GER,FW,Hamburger SV,21,1999,4,1,94,1.0,0,0,0,0,0,0,1,0,0.6,0.6,0.0,0.6,5,0,11,0.00,0.00,0.00,0.00,0.00,0.58,0.00,0.58,0.58,0.58
Robin Meißner,de GER,FW,Hansa Rostock,21,1999,8,2,258,2.9,1,0,1,1,0,0,0,0,1.1,1.1,0.1,1.2,1,4,12,0.35,0.00,0.35,0.35,0.35,0.39,0.04,0.43,0.39,0.43
Thomas Meißner,de GER,DF,Hansa Rostock,30,1991,20,18,"1,633",18.1,0,0,0,0,0,0,6,0,0.4,0.4,0.3,0.7,9,52,1,0.00,0.00,0.00,0.00,0.00,0.02,0.01,0.04,0.02,0.04
Soufiane Messeguem,de GER,MF,Erzgebirge Aue,20,2001,21,19,"1,498",16.6,0,1,1,0,0,0,4,2,0.2,0.2,0.3,0.5,12,56,21,0.00,0.06,0.06,0.00,0.06,0.01,0.02,0.03,0.01,0.03
Alexander Meyer,de GER,GK,Jahn R'burg,30,1991,30,30,"2,700",30.0,0,0,0,0,0,0,1,0,0.0,0.0,0.0,0.0,0,1,0,0.00,0.00,0.00,0.00,0.00,0.00,0.00,0.00,0.00,0.00
Sven Michel,de GER,FW,Paderborn 07,31,1990,19,19,"1,643",18.3,14,5,19,13,1,1,7,0,9.0,8.2,5.6,13.8,65,43,217,0.77,0.27,1.04,0.71,0.99,0.49,0.31,0.80,0.45,0.75
Iaroslav Mikhailov,ru RUS,MF,Schalke 04,18,2003,8,4,282,3.1,0,1,1,0,0,0,1,0,0.1,0.1,0.2,0.3,2,7,9,0.00,0.32,0.32,0.00,0.32,0.02,0.08,0.10,0.02,0.10
Anton Mitryushkin,ru RUS,GK,Dresden,25,1996,5,5,450,5.0,0,0,0,0,0,0,0,0,0.0,0.0,0.0,0.0,0,0,0,0.00,0.00,0.00,0.00,0.00,0.00,0.00,0.00,0.00,0.00
Tobias Mohr,de GER,"FW,MF",Heidenheim,25,1995,33,31,"2,518",28.0,8,6,14,6,2,2,3,0,6.1,4.5,9.9,14.4,81,127,161,0.29,0.21,0.50,0.21,0.43,0.22,0.35,0.57,0.16,0.51
Kevin Möhwald,de GER,MF,Werder Bremen,28,1993,1,0,13,0.1,0,0,0,0,0,0,0,0,0.0,0.0,0.0,0.0,0,1,1,0.00,0.00,0.00,0.00,0.00,0.00,0.00,0.00,0.00,0.00
Christoph Moritz,de GER,MF,Jahn R'burg,31,1990,4,0,69,0.8,0,0,0,0,0,0,1,0,0.0,0.0,0.0,0.0,1,5,1,0.00,0.00,0.00,0.00,0.00,0.00,0.00,0.00,0.00,0.00
Heinz Mörschel,do DOM,MF,Dresden,23,1997,26,15,"1,265",14.1,3,0,3,3,0,0,1,0,2.1,2.1,0.8,2.9,18,57,56,0.21,0.00,0.21,0.21,0.21,0.15,0.06,0.21,0.15,0.21
Miro Muheim,ch SUI,DF,Hamburger SV,23,1998,21,15,"1,369",15.2,1,2,3,1,0,0,5,0,1.0,1.0,1.3,2.3,32,112,48,0.07,0.13,0.20,0.07,0.20,0.06,0.09,0.15,0.06,0.15
Alexander Mühling,de GER,MF,Holstein Kiel,28,1992,33,32,"2,842",31.6,7,4,11,3,4,6,8,0,8.5,3.7,5.2,8.9,38,139,124,0.22,0.13,0.35,0.10,0.22,0.27,0.17,0.43,0.12,0.28
Jannik Müller,de GER,DF,Darmstadt 98,27,1994,15,6,672,7.5,0,0,0,0,0,0,4,0,0.1,0.1,0.0,0.1,0,21,3,0.00,0.00,0.00,0.00,0.00,0.01,0.00,0.01,0.01,0.01
Kevin Müller,de GER,GK,Heidenheim,30,1991,34,34,"3,060",34.0,0,0,0,0,0,0,1,0,0.0,0.0,0.0,0.0,0,1,0,0.00,0.00,0.00,0.00,0.00,0.00,0.00,0.00,0.00,0.00
,,,,,,,,,,,,,,,,,,,,,,,,,,,,,,,,,,
Ridge Munsy,,"FW,MF",Hansa Rostock,32,1989,20,3,546,6.1,1,0,1,1,0,0,1,0,2.4,2.4,0.1,2.6,9,6,42,0.16,0.00,0.16,0.16,0.16,0.40,0.02,0.42,0.40,0.42
Sei Muroya,jp JPN,DF,Hannover 96,27,1994,27,20,"1,904",21.2,0,2,2,0,0,0,3,0,0.8,0.8,2.1,2.9,46,72,74,0.00,0.09,0.09,0.00,0.09,0.04,0.10,0.14,0.04,0.14
Florent Muslija,xk KVX,"FW,MF",Hannover 96,23,1998,13,5,476,5.3,1,0,1,1,0,1,0,0,1.2,0.4,0.7,1.1,19,32,42,0.19,0.00,0.19,0.19,0.19,0.23,0.13,0.35,0.08,0.20
Florent Muslija,xk KVX,"MF,FW",Paderborn 07,23,1998,16,15,"1,222",13.6,6,2,8,4,2,2,1,0,3.2,2.1,2.2,4.4,46,37,70,0.44,0.15,0.59,0.29,0.44,0.24,0.16,0.40,0.16,0.32
Visar Musliu,mk MKD,DF,Ingolstadt 04,26,1994,14,14,"1,215",13.5,1,0,1,1,0,0,2,0,0.1,0.1,0.0,0.1,3,35,1,0.07,0.00,0.07,0.07,0.07,0.01,0.00,0.01,0.01,0.01
Mats Møller Dæhli,no NOR,"MF,FW",Nürnberg,26,1995,33,33,"2,793",31.0,3,6,9,3,0,0,2,0,3.1,3.1,5.7,8.8,127,178,216,0.10,0.19,0.29,0.10,0.29,0.10,0.18,0.28,0.10,0.28
Sebastian Nachreiner,de GER,DF,Jahn R'burg,32,1988,10,4,370,4.1,0,0,0,0,0,0,1,0,0.0,0.0,0.0,0.0,1,7,0,0.00,0.00,0.00,0.00,0.00,0.00,0.01,0.01,0.00,0.01
Abdenego Nankishi,de GER,"FW,MF",Werder Bremen,19,2002,6,2,138,1.5,0,0,0,0,0,0,0,0,0.2,0.2,0.0,0.2,5,1,15,0.00,0.00,0.00,0.00,0.00,0.12,0.00,0.12,0.12,0.12
Khaled Narey,tg TOG,"FW,MF",Düsseldorf,27,1994,31,29,"2,593",28.8,8,14,22,8,0,0,2,0,8.1,8.1,6.4,14.5,94,85,275,0.28,0.49,0.76,0.28,0.76,0.28,0.22,0.50,0.28,0.50
Dimitrij Nazarov,az AZE,"MF,FW",Erzgebirge Aue,31,1990,30,24,"2,004",22.3,4,3,7,2,2,2,8,0,6.2,4.6,2.3,6.9,38,73,96,0.18,0.13,0.31,0.09,0.22,0.28,0.10,0.38,0.21,0.31
Dragoș Nedelcu,ro ROU,DF,Düsseldorf,24,1997,10,7,566,6.3,0,0,0,0,0,0,3,0,0.0,0.0,0.1,0.1,6,18,0,0.00,0.00,0.00,0.00,0.00,0.00,0.01,0.02,0.00,0.02
Nico Neidhart,de GER,DF,Hansa Rostock,26,1994,28,27,"2,211",24.6,2,2,4,2,0,0,5,0,2.3,2.3,2.8,5.1,34,121,83,0.08,0.08,0.16,0.08,0.16,0.09,0.12,0.21,0.09,0.21
Maximilian Neuberger,de GER,DF,Ingolstadt 04,21,2000,11,7,647,7.2,0,0,0,0,0,0,0,0,0.0,0.0,0.2,0.2,6,19,13,0.00,0.00,0.00,0.00,0.00,0.00,0.02,0.03,0.00,0.03
Phil Neumann,de GER,"DF,FW",Holstein Kiel,24,1997,29,25,"2,300",25.6,0,2,2,0,0,0,7,0,1.5,1.5,2.7,4.3,80,106,104,0.00,0.08,0.08,0.00,0.08,0.06,0.11,0.17,0.06,0.17
Hans Nunoo Sarpei,gh GHA,MF,Ingolstadt 04,22,1998,6,6,482,5.4,0,0,0,0,0,0,5,1,0.2,0.2,0.4,0.6,5,20,2,0.00,0.00,0.00,0.00,0.00,0.04,0.08,0.12,0.04,0.12
Fabian Nürnberger,de GER,MF,Nürnberg,22,1999,31,17,"1,586",17.6,3,2,5,3,0,0,5,0,1.4,1.4,1.3,2.7,34,73,37,0.17,0.11,0.28,0.17,0.28,0.08,0.08,0.16,0.08,0.16
Daniel O'Shaughnessy,fi FIN,DF,Karlsruher,26,1994,13,11,985,10.9,1,0,1,1,0,0,2,0,0.8,0.8,0.7,1.5,1,30,5,0.09,0.00,0.09,0.09,0.09,0.07,0.06,0.13,0.07,0.13
Tim Oberdorf,de GER,DF,Düsseldorf,24,1996,18,10,"1,074",11.9,0,0,0,0,0,0,4,0,0.2,0.2,0.3,0.5,25,43,9,0.00,0.00,0.00,0.00,0.00,0.02,0.02,0.04,0.02,0.04
Philipp Ochs,de GER,"DF,MF",Hannover 96,24,1997,20,7,813,9.0,0,0,0,0,0,0,1,0,0.2,0.2,1.3,1.5,8,35,38,0.00,0.00,0.00,0.00,0.00,0.02,0.15,0.17,0.02,0.17
Kelvin Ofori,gh GHA,MF,Paderborn 07,20,2001,10,2,158,1.8,1,0,1,1,0,0,0,0,0.5,0.5,0.4,0.9,7,4,7,0.57,0.00,0.57,0.57,0.57,0.26,0.25,0.51,0.26,0.51
Sebastian Ohlsson,se SWE,DF,St. Pauli,28,1993,7,4,349,3.9,0,0,0,0,0,0,0,0,0.4,0.4,0.2,0.6,6,15,19,0.00,0.00,0.00,0.00,0.00,0.11,0.05,0.16,0.11,0.16
Chima Okoroji,ng NGA,DF,Sandhausen,24,1997,33,32,"2,701",30.0,1,5,6,1,0,0,2,0,0.8,0.8,3.4,4.1,58,94,83,0.03,0.17,0.20,0.03,0.20,0.03,0.11,0.14,0.03,0.14
Kwasi Okyere Wriedt,gh GHA,FW,Holstein Kiel,27,1994,15,8,779,8.7,3,0,3,3,0,0,1,0,2.1,2.1,0.9,3.0,9,12,46,0.35,0.00,0.35,0.35,0.35,0.24,0.10,0.35,0.24,0.35
Finn Ole Becker,de GER,MF,St. Pauli,21,2000,21,13,"1,112",12.4,2,3,5,2,0,0,3,0,1.1,1.1,1.9,3.0,31,67,53,0.16,0.24,0.40,0.16,0.40,0.09,0.15,0.24,0.09,0.24
Nik Omladič,si SVN,"FW,MF",Hansa Rostock,31,1989,18,10,955,10.6,1,3,4,1,0,0,4,0,1.7,1.7,1.5,3.2,26,36,61,0.09,0.28,0.38,0.09,0.38,0.16,0.14,0.30,0.16,0.30
,,,,,,,,,,,,,,,,,,,,,,,,,,,,,,,,,,
Gaël Ondoua,cm CMR,MF,Hannover 96,25,1995,27,22,"1,979",22.0,0,0,0,0,0,0,7,0,1.5,1.5,0.3,1.8,7,83,16,0.00,0.00,0.00,0.00,0.00,0.07,0.01,0.08,0.07,0.08
Yuya Osako,jp JPN,"MF,FW",Werder Bremen,31,1990,2,2,171,1.9,0,0,0,0,0,0,0,0,0.2,0.2,0.5,0.7,7,9,10,0.00,0.00,0.00,0.00,0.00,0.11,0.28,0.39,0.11,0.39
Prince Osei Owusu,de GER,FW,Erzgebirge Aue,24,1997,12,11,874,9.7,2,1,3,2,0,0,6,1,3.2,3.2,1.2,4.4,16,9,49,0.21,0.10,0.31,0.21,0.31,0.33,0.12,0.45,0.33,0.45
Prince Osei Owusu,de GER,FW,Paderborn 07,24,1997,7,1,155,1.7,0,1,1,0,0,0,0,0,0.2,0.2,0.2,0.4,6,3,13,0.00,0.58,0.58,0.00,0.58,0.11,0.12,0.23,0.11,0.23
David Otto,de GER,FW,Jahn R'burg,22,1999,20,10,914,10.2,3,1,4,3,0,0,1,1,3.2,3.2,1.1,4.3,7,18,66,0.30,0.10,0.39,0.30,0.39,0.31,0.11,0.43,0.31,0.43
Anas Ouahim,de GER,MF,Sandhausen,23,1997,5,2,163,1.8,0,0,0,0,0,0,2,0,0.3,0.3,0.5,0.7,2,8,9,0.00,0.00,0.00,0.00,0.00,0.15,0.25,0.40,0.15,0.40
Thomas Ouwejan,nl NED,"FW,DF",Schalke 04,24,1996,28,27,"2,405",26.7,3,8,11,3,0,0,1,0,2.4,2.4,11.0,13.4,60,102,126,0.11,0.30,0.41,0.11,0.41,0.09,0.41,0.50,0.09,0.50
Victor Pálsson,is ISL,MF,Schalke 04,30,1991,28,21,"1,948",21.6,0,3,3,0,0,0,3,1,1.7,1.7,3.3,5.0,12,87,27,0.00,0.14,0.14,0.00,0.14,0.08,0.15,0.23,0.08,0.23
Leart Paqarada,xk KVX,DF,St. Pauli,26,1994,33,33,"2,841",31.6,2,10,12,2,0,0,3,0,2.0,2.0,10.7,12.6,102,241,176,0.06,0.32,0.38,0.06,0.38,0.06,0.34,0.40,0.06,0.40
Jiří Pavlenka,cz CZE,GK,Werder Bremen,29,1992,23,23,"2,070",23.0,0,0,0,0,0,0,0,0,0.0,0.0,0.0,0.0,0,0,0,0.00,0.00,0.00,0.00,0.00,0.00,0.00,0.00,0.00,0.00
John Peter Sesay,sl SLE,MF,Darmstadt 98,17,2003,2,0,40,0.4,0,0,0,0,0,0,0,0,0.1,0.1,0.0,0.1,0,0,2,0.00,0.00,0.00,0.00,0.00,0.20,0.00,0.20,0.20,0.20
Kristoffer Peterson,se SWE,"MF,FW",Düsseldorf,26,1994,27,15,"1,255",13.9,1,1,2,1,0,0,2,1,3.0,3.0,3.1,6.0,69,45,144,0.07,0.07,0.14,0.07,0.14,0.21,0.22,0.43,0.21,0.43
Luca Pfeiffer,de GER,FW,Darmstadt 98,24,1996,32,28,"2,257",25.1,17,5,22,17,0,0,4,0,13.4,13.4,4.0,17.5,63,86,139,0.68,0.20,0.88,0.68,0.88,0.54,0.16,0.70,0.54,0.70
Patric Pfeiffer,de GER,DF,Darmstadt 98,21,1999,31,31,"2,769",30.8,1,1,2,1,0,0,6,0,1.6,1.6,1.2,2.9,18,120,17,0.03,0.03,0.07,0.03,0.07,0.05,0.04,0.09,0.05,0.09
Benedikt Pichler,at AUT,FW,Holstein Kiel,24,1997,26,20,"1,619",18.0,7,3,10,6,1,1,3,0,8.5,7.7,1.5,9.3,25,32,119,0.39,0.17,0.56,0.33,0.50,0.47,0.08,0.56,0.43,0.52
Florian Pick,de GER,"MF,FW",Ingolstadt 04,25,1995,16,13,"1,059",11.8,1,0,1,1,0,0,5,0,1.8,1.8,1.7,3.5,34,39,59,0.08,0.00,0.08,0.08,0.08,0.15,0.14,0.30,0.15,0.30
Florian Pick,de GER,"MF,DF",Heidenheim,25,1995,10,1,210,2.3,0,0,0,0,0,0,0,0,0.3,0.3,0.2,0.5,8,12,14,0.00,0.00,0.00,0.00,0.00,0.14,0.06,0.21,0.14,0.21
Marvin Pieringer,de GER,FW,Schalke 04,21,1999,24,7,731,8.1,2,2,4,2,0,0,5,0,3.3,3.3,2.4,5.7,13,18,73,0.25,0.25,0.49,0.25,0.49,0.41,0.29,0.70,0.41,0.70
Jakub Piotrowski,pl POL,MF,Düsseldorf,23,1997,28,16,"1,506",16.7,1,2,3,1,0,0,6,0,1.9,1.9,1.7,3.6,37,79,61,0.06,0.12,0.18,0.06,0.18,0.11,0.10,0.22,0.11,0.22
Felix Platte,de GER,FW,Paderborn 07,25,1996,24,15,"1,326",14.7,8,4,12,8,0,1,2,0,7.6,6.8,2.4,9.2,13,25,86,0.54,0.27,0.81,0.54,0.81,0.51,0.16,0.67,0.46,0.62
Thomas Pledl,de GER,"MF,FW",Düsseldorf,27,1994,5,0,50,0.6,0,0,0,0,0,0,0,0,0.0,0.0,0.1,0.1,4,0,7,0.00,0.00,0.00,0.00,0.00,0.00,0.22,0.22,0.00,0.22
Markus Ponath,de GER,GK,Ingolstadt 04,20,2001,1,1,90,1.0,0,0,0,0,0,0,0,0,0.0,0.0,0.0,0.0,0,0,0,0.00,0.00,0.00,0.00,0.00,0.00,0.00,0.00,0.00,0.00
Finn Porath,de GER,MF,Holstein Kiel,24,1997,27,21,"1,647",18.3,3,1,4,3,0,0,3,0,2.7,2.7,2.1,4.8,31,84,66,0.16,0.05,0.22,0.16,0.22,0.15,0.12,0.26,0.15,0.26
Andreas Poulsen,dk DEN,DF,Ingolstadt 04,21,1999,6,2,185,2.1,1,0,1,1,0,0,0,0,0.1,0.1,0.3,0.4,2,5,6,0.49,0.00,0.49,0.49,0.49,0.04,0.14,0.18,0.04,0.18
Rico Preißinger,de GER,"MF,DF",Ingolstadt 04,25,1996,23,14,"1,412",15.7,0,0,0,0,0,0,10,0,0.2,0.2,1.3,1.5,11,54,2,0.00,0.00,0.00,0.00,0.00,0.01,0.08,0.10,0.01,0.10
,,,,,,,,,,,,,,,,,,,,,,,,,,,,,,,,,,
Edgar Prib,de GER,MF,Düsseldorf,31,1989,17,13,"1,035",11.5,0,1,1,0,0,0,5,1,0.4,0.4,2.1,2.5,17,68,11,0.00,0.09,0.09,0.00,0.09,0.03,0.19,0.22,0.03,0.22
Kai Pröger,de GER,"FW,MF",Paderborn 07,29,1992,32,14,"1,560",17.3,5,4,9,5,0,0,1,0,5.1,5.1,3.8,8.9,50,30,100,0.29,0.23,0.52,0.29,0.52,0.30,0.22,0.51,0.30,0.51
Jannis Rabold,de GER,DF,Karlsruher,20,2001,5,3,306,3.4,0,0,0,0,0,0,0,0,0.0,0.0,0.1,0.1,5,16,13,0.00,0.00,0.00,0.00,0.00,0.00,0.02,0.02,0.00,0.02
Melvin Ramusović,de GER,MF,Heidenheim,20,2001,6,0,61,0.7,0,0,0,0,0,0,0,0,0.1,0.1,0.0,0.1,0,4,1,0.00,0.00,0.00,0.00,0.00,0.10,0.00,0.10,0.10,0.10
Reinhold Ranftl,at AUT,"FW,DF",Schalke 04,29,1992,15,10,944,10.5,0,1,1,0,0,0,2,0,0.6,0.6,1.7,2.3,35,38,52,0.00,0.10,0.10,0.00,0.10,0.05,0.16,0.21,0.05,0.21
Nicolai Rapp,de GER,"MF,DF",Werder Bremen,24,1996,28,18,"1,702",18.9,2,2,4,2,0,0,7,0,3.1,3.1,2.0,5.2,11,97,56,0.11,0.11,0.21,0.11,0.21,0.17,0.11,0.27,0.17,0.27
Konstantin Rausch,ru RUS,"DF,MF",Nürnberg,31,1990,4,0,34,0.4,0,0,0,0,0,0,0,0,0.0,0.0,0.1,0.1,2,1,2,0.00,0.00,0.00,0.00,0.00,0.09,0.20,0.29,0.09,0.29
Thomas Rausch,de GER,MF,Ingolstadt 04,21,2000,1,0,22,0.2,0,0,0,0,0,0,0,0,0.0,0.0,0.0,0.0,1,0,4,0.00,0.00,0.00,0.00,0.00,0.00,0.11,0.11,0.00,0.11
Fabian Reese,de GER,"FW,MF",Holstein Kiel,23,1997,32,27,"2,285",25.4,1,5,6,1,0,0,1,0,6.1,6.1,6.2,12.2,130,73,294,0.04,0.20,0.24,0.04,0.24,0.24,0.24,0.48,0.24,0.48
Nikolai Rehnen,de GER,GK,Sandhausen,24,1997,1,1,90,1.0,0,0,0,0,0,0,1,0,0.0,0.0,0.0,0.0,0,0,0,0.00,0.00,0.00,0.00,0.00,0.00,0.00,0.00,0.00,0.00
Ludovit Reis,nl NED,MF,Hamburger SV,21,2000,32,28,"2,229",24.8,5,2,7,5,0,0,5,0,3.6,3.6,2.3,5.9,73,128,160,0.20,0.08,0.28,0.20,0.28,0.14,0.09,0.24,0.14,0.24
Bashkim Renneke,xk KVX,"DF,FW",Sandhausen,28,1992,31,27,"2,456",27.3,1,0,1,1,0,0,9,0,2.0,2.0,1.4,3.4,45,85,79,0.04,0.00,0.04,0.04,0.04,0.07,0.05,0.12,0.07,0.12
Simon Rhein,de GER,MF,Hansa Rostock,23,1998,27,22,"1,832",20.4,1,2,3,1,0,0,4,0,0.9,0.9,3.0,4.0,21,121,26,0.05,0.10,0.15,0.05,0.15,0.05,0.15,0.20,0.05,0.20
Ricardo van Rhijn,nl NED,DF,Karlsruher,30,1991,16,9,801,8.9,0,0,0,0,0,0,1,0,0.2,0.2,0.2,0.4,10,27,20,0.00,0.00,0.00,0.00,0.00,0.02,0.03,0.05,0.02,0.05
Clemens Riedel,de GER,"DF,MF",Darmstadt 98,18,2003,9,4,401,4.5,0,0,0,0,0,0,2,0,0.0,0.0,0.0,0.0,2,12,0,0.00,0.00,0.00,0.00,0.00,0.00,0.00,0.00,0.00,0.00
Julian Riedel,de GER,DF,Hansa Rostock,29,1991,11,3,344,3.8,0,0,0,0,0,0,1,0,0.0,0.0,0.1,0.1,3,8,5,0.00,0.00,0.00,0.00,0.00,0.01,0.01,0.02,0.01,0.02
Philipp Riese,de GER,MF,Erzgebirge Aue,31,1989,6,1,125,1.4,0,0,0,0,0,0,1,0,0.0,0.0,0.0,0.0,0,4,0,0.00,0.00,0.00,0.00,0.00,0.00,0.02,0.02,0.00,0.02
Marvin-Lee Rittmüller,de GER,"DF,FW",Heidenheim,22,1999,10,5,448,5.0,0,0,0,0,0,0,0,0,0.1,0.1,0.3,0.4,8,16,22,0.00,0.00,0.00,0.00,0.00,0.01,0.06,0.08,0.01,0.08
Lars Ritzka,de GER,"DF,MF",St. Pauli,23,1998,11,1,234,2.6,0,0,0,0,0,0,0,0,0.1,0.1,0.0,0.1,3,12,18,0.00,0.00,0.00,0.00,0.00,0.03,0.00,0.03,0.03,0.03
Marcel Ritzmaier,at AUT,MF,Sandhausen,28,1993,23,17,"1,431",15.9,1,0,1,1,0,0,7,1,1.8,1.8,2.5,4.3,33,70,54,0.06,0.00,0.06,0.06,0.06,0.11,0.15,0.27,0.11,0.27
Calogero Rizzuto,de GER,"DF,FW",Hansa Rostock,29,1992,28,23,"1,976",22.0,0,3,3,0,0,0,11,0,1.5,1.5,2.2,3.7,26,82,63,0.00,0.14,0.14,0.00,0.14,0.07,0.10,0.17,0.07,0.17
Merlin Röhl,de GER,MF,Ingolstadt 04,19,2002,26,20,"1,717",19.1,1,1,2,1,0,0,6,0,1.5,1.5,1.7,3.2,27,62,42,0.05,0.05,0.10,0.05,0.10,0.08,0.09,0.17,0.08,0.17
Maximilian Rohr,de GER,MF,Hamburger SV,26,1995,9,2,230,2.6,0,1,1,0,0,0,1,0,0.1,0.1,0.8,0.8,8,11,16,0.00,0.39,0.39,0.00,0.39,0.03,0.30,0.33,0.03,0.33
Frank Ronstadt,de GER,"DF,MF",Darmstadt 98,24,1997,14,3,494,5.5,0,0,0,0,0,0,3,0,0.7,0.7,0.2,0.9,16,26,20,0.00,0.00,0.00,0.00,0.00,0.13,0.04,0.16,0.13,0.16
Damian Roßbach,de GER,DF,Hansa Rostock,28,1993,32,32,"2,867",31.9,0,2,2,0,0,0,5,0,0.5,0.5,1.0,1.5,18,86,8,0.00,0.06,0.06,0.00,0.06,0.02,0.03,0.05,0.02,0.05
,,,,,,,,,,,,,,,,,,,,,,,,,,,,,,,,,,
Nils Röseler,de GER,"DF,MF",Ingolstadt 04,29,1992,16,12,"1,159",12.9,0,0,0,0,0,0,2,0,0.7,0.7,0.0,0.8,6,39,1,0.00,0.00,0.00,0.00,0.00,0.06,0.00,0.06,0.06,0.06
Tim Rossmann,de GER,MF,Karlsruher,17,2003,1,0,30,0.3,0,0,0,0,0,0,0,0,0.1,0.1,0.0,0.1,1,0,1,0.00,0.00,0.00,0.00,0.00,0.31,0.00,0.31,0.31,0.31
Björn Rother,de GER,MF,Hansa Rostock,25,1996,14,5,584,6.5,0,0,0,0,0,0,5,0,0.3,0.3,0.0,0.3,4,25,5,0.00,0.00,0.00,0.00,0.00,0.04,0.00,0.04,0.04,0.04
Marc Rzatkowski,de GER,"MF,FW",Schalke 04,31,1990,2,0,9,0.1,0,0,0,0,0,0,0,0,0.0,0.0,0.0,0.0,1,1,0,0.00,0.00,0.00,0.00,0.00,0.00,0.00,0.00,0.00,0.00
Benedikt Saller,de GER,DF,Jahn R'burg,28,1992,30,24,"2,149",23.9,1,3,4,1,0,0,9,0,0.6,0.6,2.3,2.9,55,155,58,0.04,0.13,0.17,0.04,0.17,0.03,0.10,0.12,0.03,0.12
Philipp Sander,de GER,MF,Holstein Kiel,23,1998,19,7,777,8.6,0,1,1,0,0,0,2,0,0.8,0.8,0.3,1.1,19,29,25,0.00,0.12,0.12,0.00,0.12,0.10,0.03,0.13,0.10,0.13
Salif Sané,sn SEN,DF,Schalke 04,30,1990,11,6,429,4.8,0,0,0,0,0,0,1,0,0.3,0.3,0.3,0.6,7,23,7,0.00,0.00,0.00,0.00,0.00,0.05,0.07,0.12,0.05,0.12
Josh Sargent,us USA,MF,Werder Bremen,21,2000,2,2,180,2.0,2,0,2,2,0,0,0,0,0.7,0.7,0.2,0.9,5,4,18,1.00,0.00,1.00,1.00,1.00,0.34,0.11,0.45,0.34,0.45
Manuel Schäffler,de GER,FW,Nürnberg,32,1989,25,9,977,10.9,4,2,6,4,0,0,2,1,5.8,5.8,1.5,7.3,7,11,40,0.37,0.18,0.55,0.37,0.55,0.53,0.14,0.67,0.53,0.67
Ron Schallenberg,de GER,MF,Paderborn 07,22,1998,31,31,"2,745",30.5,3,3,6,3,0,0,6,0,2.3,2.3,1.4,3.7,23,144,24,0.10,0.10,0.20,0.10,0.20,0.08,0.04,0.12,0.08,0.12
Lukas Scherff,de GER,"DF,MF",Hansa Rostock,25,1996,5,5,366,4.1,0,0,0,0,0,0,0,0,0.3,0.3,0.1,0.4,10,11,14,0.00,0.00,0.00,0.00,0.00,0.07,0.03,0.10,0.07,0.10
Stefan Schimmer,de GER,"FW,MF",Heidenheim,27,1994,30,9,"1,077",12.0,3,1,4,3,0,0,1,0,4.1,4.1,1.5,5.5,15,19,91,0.25,0.08,0.33,0.25,0.33,0.34,0.12,0.46,0.34,0.46
Christopher Schindler,de GER,DF,Nürnberg,31,1990,30,30,"2,700",30.0,1,0,1,1,0,0,4,0,1.3,1.3,0.4,1.8,3,56,6,0.03,0.00,0.03,0.03,0.03,0.04,0.01,0.06,0.04,0.06
Lukas Schleimer,de GER,FW,Nürnberg,21,1999,21,12,"1,135",12.6,3,1,4,3,0,0,2,0,4.0,4.0,1.0,4.9,29,26,72,0.24,0.08,0.32,0.24,0.32,0.31,0.08,0.39,0.31,0.39
Fabian Schleusener,de GER,"FW,MF",Karlsruher,29,1991,34,13,"1,545",17.2,7,1,8,7,0,0,1,0,6.2,6.2,1.9,8.1,23,27,119,0.41,0.06,0.47,0.41,0.47,0.36,0.11,0.47,0.36,0.47
Romano Schmid,at AUT,"MF,FW",Werder Bremen,21,2000,33,29,"2,385",26.5,3,5,8,3,0,0,8,0,4.1,4.1,6.7,10.8,73,164,185,0.11,0.19,0.30,0.11,0.30,0.16,0.25,0.41,0.16,0.41
Niklas Schmidt,de GER,MF,Werder Bremen,23,1998,25,13,"1,251",13.9,2,2,4,2,0,0,1,0,3.5,3.5,5.3,8.8,41,96,104,0.14,0.14,0.29,0.14,0.29,0.25,0.38,0.63,0.25,0.63
Patrick Schmidt,de GER,FW,Ingolstadt 04,27,1993,21,15,"1,244",13.8,3,1,4,2,1,1,4,0,4.7,4.0,1.2,5.1,17,27,71,0.22,0.07,0.29,0.14,0.22,0.34,0.08,0.43,0.29,0.37
Patrick Schmidt,de GER,FW,Heidenheim,27,1993,4,0,62,0.7,1,0,1,1,0,0,0,0,0.1,0.1,0.1,0.2,0,2,5,1.45,0.00,1.45,1.45,1.45,0.16,0.14,0.29,0.16,0.29
Fabian Schnellhardt,de GER,MF,Darmstadt 98,27,1994,15,11,881,9.8,2,1,3,2,0,0,1,1,1.1,1.1,1.5,2.6,11,42,10,0.20,0.10,0.31,0.20,0.31,0.11,0.16,0.27,0.11,0.27
Oscar Schönfelder,de GER,"FW,MF",Werder Bremen,20,2001,10,0,111,1.2,0,1,1,0,0,0,1,0,0.1,0.1,0.8,0.9,8,7,17,0.00,0.81,0.81,0.00,0.81,0.09,0.67,0.75,0.09,0.75
Sebastian Schonlau,de GER,DF,Hamburger SV,26,1994,33,33,"2,931",32.6,4,1,5,4,0,0,4,1,3.1,3.1,0.7,3.8,98,258,15,0.12,0.03,0.15,0.12,0.15,0.10,0.02,0.12,0.10,0.12
Jan Schöppner,de GER,MF,Heidenheim,22,1999,32,27,"2,317",25.7,1,2,3,1,0,0,4,0,2.9,2.9,2.9,5.9,34,95,52,0.04,0.08,0.12,0.04,0.12,0.11,0.11,0.23,0.11,0.23
Sam Schreck,de GER,MF,Erzgebirge Aue,22,1999,26,23,"2,021",22.5,0,0,0,0,0,0,3,0,1.3,1.3,0.5,1.8,27,79,16,0.00,0.00,0.00,0.00,0.00,0.06,0.02,0.08,0.06,0.08
Tobias Schröck,de GER,"DF,MF",Ingolstadt 04,28,1992,6,4,349,3.9,0,0,0,0,0,0,1,0,0.1,0.1,0.1,0.2,3,11,1,0.00,0.00,0.00,0.00,0.00,0.02,0.03,0.05,0.02,0.05
,,,,,,,,,,,,,,,,,,,,,,,,,,,,,,,,,,
Morris Schröter,de GER,"FW,MF",Dresden,25,1995,31,24,"1,990",22.1,1,3,4,1,0,0,3,0,1.8,1.8,4.9,6.7,94,108,135,0.05,0.14,0.18,0.05,0.18,0.08,0.22,0.30,0.08,0.30
Marcel Schuhen,de GER,GK,Darmstadt 98,28,1993,31,31,"2,765",30.7,0,0,0,0,0,0,1,0,0.0,0.0,0.1,0.1,0,1,0,0.00,0.00,0.00,0.00,0.00,0.00,0.00,0.00,0.00,0.00
Kevin Schumacher,de GER,"FW,MF",Hansa Rostock,23,1997,22,7,845,9.4,0,2,2,0,0,0,1,0,1.5,1.5,1.4,2.9,21,18,74,0.00,0.21,0.21,0.00,0.21,0.16,0.15,0.31,0.16,0.31
Marco Schuster,de GER,"DF,MF",Paderborn 07,25,1995,33,32,"2,729",30.3,0,3,3,0,0,0,6,0,1.9,1.9,1.9,3.8,51,95,77,0.00,0.10,0.10,0.00,0.10,0.06,0.06,0.13,0.06,0.13
Tobias Schwede,de GER,DF,Hansa Rostock,27,1994,3,1,150,1.7,0,0,0,0,0,0,0,0,0.0,0.0,0.0,0.0,1,6,6,0.00,0.00,0.00,0.00,0.00,0.02,0.00,0.02,0.02,0.02
Tim Seifert,de GER,DF,Heidenheim,19,2002,1,0,6,0.1,0,0,0,0,0,0,0,0,0.0,0.0,0.0,0.0,0,0,0,0.00,0.00,0.00,0.00,0.00,0.00,0.00,0.00,0.00,0.00
Kevin Sessa,de GER,"MF,DF",Heidenheim,21,2000,21,9,942,10.5,2,1,3,2,0,0,1,0,2.1,2.1,2.1,4.2,26,45,42,0.19,0.10,0.29,0.19,0.29,0.20,0.20,0.40,0.20,0.40
Nils Seufert,de GER,"MF,FW",Sandhausen,24,1997,7,5,382,4.2,0,0,0,0,0,0,1,0,0.1,0.1,0.0,0.1,3,18,13,0.00,0.00,0.00,0.00,0.00,0.01,0.01,0.02,0.01,0.02
Aaron Seydel,de GER,"FW,MF",Darmstadt 98,25,1996,21,6,754,8.4,6,0,6,6,0,0,1,0,4.4,4.4,1.7,6.2,11,21,69,0.72,0.00,0.72,0.72,0.72,0.53,0.21,0.73,0.53,0.73
Nicklas Shipnoski,de GER,"MF,FW",Jahn R'burg,23,1998,12,6,539,6.0,1,0,1,1,0,0,0,0,1.0,1.0,0.1,1.0,5,11,32,0.17,0.00,0.17,0.17,0.17,0.16,0.01,0.17,0.16,0.17
Nicklas Shipnoski,de GER,"FW,MF",Düsseldorf,23,1998,11,1,236,2.6,0,1,1,0,0,0,0,0,1.2,1.2,0.4,1.7,2,5,20,0.00,0.38,0.38,0.00,0.38,0.48,0.16,0.64,0.48,0.64
Erik Shuranov,de GER,FW,Nürnberg,19,2002,27,15,"1,336",14.8,6,2,8,6,0,0,1,0,4.0,4.0,1.4,5.4,14,12,66,0.40,0.13,0.54,0.40,0.54,0.27,0.09,0.36,0.27,0.36
Arne Sicker,de GER,"FW,DF",Sandhausen,24,1997,17,10,"1,004",11.2,1,1,2,1,0,0,0,0,1.0,1.0,1.0,2.0,25,45,46,0.09,0.09,0.18,0.09,0.18,0.09,0.09,0.18,0.09,0.18
Carlo Sickinger,de GER,MF,Sandhausen,24,1997,6,1,92,1.0,0,0,0,0,0,0,0,0,0.0,0.0,0.0,0.0,3,5,1,0.00,0.00,0.00,0.00,0.00,0.03,0.00,0.03,0.03,0.03
Phil Sieben,de GER,FW,Düsseldorf,22,1999,2,0,18,0.2,0,0,0,0,0,0,0,0,0.3,0.3,0.0,0.3,1,0,0,0.00,0.00,0.00,0.00,0.00,1.55,0.00,1.55,1.55,1.55
Tim Siersleben,de GER,DF,Heidenheim,21,2000,15,6,654,7.3,0,1,1,0,0,0,0,0,0.0,0.0,0.4,0.4,3,20,1,0.00,0.14,0.14,0.00,0.14,0.00,0.05,0.05,0.00,0.05
Efe-Kaan Sihlaroğlu,tr TUR,MF,Karlsruher,16,2005,1,0,2,0.0,0,0,0,0,0,0,0,0,0.0,0.0,0.0,0.0,0,0,0,0.00,0.00,0.00,0.00,0.00,0.00,0.00,0.00,0.00,0.00
Omar Sijarić,de GER,"MF,FW",Erzgebirge Aue,19,2001,16,8,703,7.8,1,2,3,1,0,0,1,0,1.0,1.0,1.2,2.2,11,12,39,0.13,0.26,0.38,0.13,0.38,0.13,0.15,0.28,0.13,0.28
Danylo Sikan,ua UKR,FW,Hansa Rostock,20,2001,11,2,320,3.6,1,1,2,1,0,0,2,1,0.8,0.8,0.8,1.6,9,4,23,0.28,0.28,0.56,0.28,0.56,0.23,0.23,0.45,0.23,0.45
Sarpreet Singh,nz NZL,"MF,FW",Jahn R'burg,22,1999,25,24,"1,915",21.3,5,8,13,5,0,0,5,0,2.8,2.8,6.4,9.2,45,53,153,0.23,0.38,0.61,0.23,0.61,0.13,0.30,0.43,0.13,0.43
Tim Skarke,de GER,MF,Darmstadt 98,24,1996,19,17,"1,288",14.3,5,0,5,5,0,0,4,0,3.4,3.4,2.4,5.8,40,51,108,0.35,0.00,0.35,0.35,0.35,0.24,0.17,0.41,0.24,0.41
Steven Skrzybski,de GER,"FW,MF",Holstein Kiel,28,1992,24,13,"1,132",12.6,4,1,5,4,0,0,2,0,3.0,3.0,1.4,4.3,16,39,85,0.32,0.08,0.40,0.32,0.40,0.23,0.11,0.34,0.23,0.34
Dennis Smarsch,de GER,GK,St. Pauli,22,1999,1,1,90,1.0,0,0,0,0,0,0,0,0,0.0,0.0,0.0,0.0,0,0,0,0.00,0.00,0.00,0.00,0.00,0.00,0.00,0.00,0.00,0.00
Eric Smith,se SWE,MF,St. Pauli,24,1997,17,15,"1,201",13.3,0,1,1,0,0,0,4,0,0.2,0.2,0.9,1.1,11,65,5,0.00,0.07,0.07,0.00,0.07,0.01,0.07,0.08,0.01,0.08
Lasse Sobiech,de GER,DF,Darmstadt 98,30,1991,15,9,756,8.4,0,0,0,0,0,0,2,0,0.5,0.5,0.1,0.7,1,22,10,0.00,0.00,0.00,0.00,0.00,0.07,0.01,0.08,0.07,0.08
,,,,,,,,,,,,,,,,,,,,,,,,,,,,,,,,,,
Marcel Sobottka,de GER,MF,Düsseldorf,27,1994,23,21,"1,740",19.3,0,3,3,0,0,0,5,0,1.5,1.5,0.9,2.4,18,72,22,0.00,0.16,0.16,0.00,0.16,0.08,0.05,0.13,0.08,0.13
Pascal Sohm,de GER,"FW,MF",Dresden,29,1991,8,0,205,2.3,0,0,0,0,0,0,0,0,0.5,0.5,0.2,0.7,1,2,19,0.00,0.00,0.00,0.00,0.00,0.21,0.08,0.29,0.21,0.29
Michael Sollbauer,at AUT,DF,Dresden,31,1990,33,33,"2,921",32.5,0,0,0,0,0,0,9,0,0.7,0.7,0.1,0.8,10,83,3,0.00,0.00,0.00,0.00,0.00,0.02,0.00,0.02,0.02,0.02
Philipp Sonn,de GER,MF,Darmstadt 98,16,2004,1,0,1,0.0,0,0,0,0,0,0,0,0,0.0,0.0,0.0,0.0,0,0,0,0.00,0.00,0.00,0.00,0.00,0.00,0.00,0.00,0.00,0.00
Cebio Soukou,bj BEN,"FW,MF",Sandhausen,28,1992,27,17,"1,560",17.3,4,4,8,3,1,1,7,0,3.7,2.9,1.7,4.7,44,43,71,0.23,0.23,0.46,0.17,0.40,0.21,0.10,0.31,0.17,0.27
Dennis Srbeny,de GER,"FW,MF",Paderborn 07,27,1994,32,21,"1,752",19.5,4,0,4,4,0,1,4,0,4.8,4.0,2.2,6.2,30,50,114,0.21,0.00,0.21,0.21,0.21,0.25,0.11,0.36,0.21,0.32
Adrian Stanilewicz,pl POL,MF,Darmstadt 98,21,2000,3,1,108,1.2,0,0,0,0,0,0,0,0,0.0,0.0,0.0,0.0,2,2,4,0.00,0.00,0.00,0.00,0.00,0.00,0.00,0.00,0.00,0.00
Julian Stark,de GER,FW,Heidenheim,20,2001,1,0,10,0.1,0,0,0,0,0,0,0,0,0.0,0.0,0.0,0.0,0,2,2,0.00,0.00,0.00,0.00,0.00,0.00,0.00,0.00,0.00,0.00
Yannick Stark,de GER,MF,Dresden,30,1990,32,28,"2,519",28.0,0,1,1,0,0,0,5,0,1.1,1.1,1.1,2.3,16,134,21,0.00,0.04,0.04,0.00,0.04,0.04,0.04,0.08,0.04,0.08
Pascal Steinwender,de GER,FW,Paderborn 07,24,1996,1,0,4,0.0,0,0,0,0,0,0,0,0,0.0,0.0,0.0,0.0,0,0,0,0.00,0.00,0.00,0.00,0.00,0.00,0.00,0.00,0.00,0.00
Marc Stendera,de GER,MF,Ingolstadt 04,25,1995,10,9,732,8.1,0,0,0,0,0,0,0,0,0.6,0.6,1.1,1.7,11,46,14,0.00,0.00,0.00,0.00,0.00,0.07,0.14,0.21,0.07,0.21
Jonas Sterner,de GER,"DF,MF",Holstein Kiel,19,2002,14,5,501,5.6,1,1,2,1,0,0,0,0,0.1,0.1,2.0,2.1,13,16,20,0.18,0.18,0.36,0.18,0.36,0.02,0.37,0.38,0.02,0.38
Nikola Stevanović,rs SRB,DF,Ingolstadt 04,22,1998,6,5,459,5.1,0,0,0,0,0,0,0,0,0.2,0.2,0.1,0.3,3,11,4,0.00,0.00,0.00,0.00,0.00,0.04,0.01,0.06,0.04,0.06
Marco Stiepermann,de GER,"MF,FW",Paderborn 07,30,1991,16,4,438,4.9,3,0,3,3,0,0,2,0,1.3,1.3,0.6,1.9,15,37,29,0.62,0.00,0.62,0.62,0.62,0.27,0.13,0.40,0.27,0.40
Dejan Stojanović,at AUT,GK,Ingolstadt 04,28,1993,9,9,765,8.5,0,0,0,0,0,0,2,0,0.0,0.0,0.0,0.0,0,0,0,0.00,0.00,0.00,0.00,0.00,0.00,0.00,0.00,0.00,0.00
Sebastian Stolze,de GER,"FW,MF",Hannover 96,26,1995,29,15,"1,254",13.9,3,1,4,3,0,0,3,0,3.2,3.2,1.8,5.0,22,37,63,0.22,0.07,0.29,0.22,0.29,0.23,0.13,0.36,0.23,0.36
John-Patrick Strauß,ph PHI,"DF,MF",Erzgebirge Aue,25,1996,32,29,"2,470",27.4,0,2,2,0,0,0,4,0,0.9,0.9,3.2,4.1,43,86,59,0.00,0.07,0.07,0.00,0.07,0.03,0.12,0.15,0.03,0.15
Valmir Sulejmani,xk KVX,"FW,MF",Ingolstadt 04,25,1996,14,3,416,4.6,2,0,2,2,0,0,1,0,0.9,0.9,0.4,1.3,9,15,28,0.43,0.00,0.43,0.43,0.43,0.20,0.08,0.27,0.20,0.27
Valmir Sulejmani,xk KVX,"FW,MF",Hannover 96,25,1996,4,0,55,0.6,0,0,0,0,0,0,0,0,0.3,0.3,0.1,0.4,1,3,2,0.00,0.00,0.00,0.00,0.00,0.49,0.14,0.63,0.49,0.63
Mario Suver,hr CRO,DF,Nürnberg,21,1999,12,3,408,4.5,0,0,0,0,0,0,0,0,0.2,0.2,0.1,0.3,3,4,0,0.00,0.00,0.00,0.00,0.00,0.05,0.03,0.07,0.05,0.07
Asger Sørensen,dk DEN,DF,Nürnberg,25,1996,30,30,"2,560",28.4,1,0,1,1,0,0,5,0,1.8,1.8,0.4,2.2,22,76,12,0.04,0.00,0.04,0.04,0.04,0.06,0.02,0.08,0.06,0.08
Ao Tanaka,jp JPN,MF,Düsseldorf,22,1998,29,19,"1,779",19.8,1,1,2,1,0,0,3,0,1.8,1.8,1.3,3.2,20,121,34,0.05,0.05,0.10,0.05,0.10,0.09,0.07,0.16,0.09,0.16
Anssi Tapio Suhonen,fi FIN,MF,Hamburger SV,20,2001,18,7,644,7.2,2,1,3,2,0,0,3,0,1.3,1.3,1.2,2.5,24,49,54,0.28,0.14,0.42,0.28,0.42,0.19,0.16,0.35,0.19,0.35
Lino Tempelmann,de GER,MF,Nürnberg,22,1999,31,28,"2,466",27.4,4,3,7,4,0,0,11,0,3.9,3.9,0.9,4.8,67,101,47,0.15,0.11,0.26,0.15,0.26,0.14,0.03,0.18,0.14,0.18
Simon Terodde,de GER,FW,Schalke 04,33,1988,30,30,"2,635",29.3,30,4,34,28,2,2,3,0,23.8,22.2,5.0,27.2,18,43,130,1.02,0.14,1.16,0.96,1.09,0.81,0.17,0.98,0.76,0.93
,,,,,,,,,,,,,,,,,,,,,,,,,,,,,,,,,,
Pascal Testroet,de GER,FW,Sandhausen,30,1990,27,24,"1,981",22.0,10,1,11,9,1,2,2,0,6.7,5.1,2.1,7.2,20,31,142,0.45,0.05,0.50,0.41,0.45,0.30,0.10,0.40,0.23,0.33
Cedric Teuchert,de GER,"FW,MF",Hannover 96,24,1997,14,9,719,8.0,2,2,4,2,0,0,2,0,2.9,2.9,1.3,4.2,12,17,33,0.25,0.25,0.50,0.25,0.50,0.37,0.16,0.53,0.37,0.53
Maximilian Thalhammer,de GER,"MF,DF",Paderborn 07,24,1997,22,13,"1,165",12.9,2,1,3,2,0,0,3,0,1.9,1.9,1.7,3.5,23,56,25,0.15,0.08,0.23,0.15,0.23,0.15,0.13,0.27,0.15,0.27
Stefan Thesker,de GER,DF,Holstein Kiel,30,1991,22,21,"1,822",20.2,0,0,0,0,0,0,3,0,0.3,0.3,1.0,1.3,23,115,5,0.00,0.00,0.00,0.00,0.00,0.01,0.05,0.07,0.01,0.07
Norman Theuerkauf,de GER,"MF,DF",Heidenheim,34,1987,34,33,"2,967",33.0,0,4,4,0,0,0,4,0,1.5,1.5,3.0,4.5,40,132,55,0.00,0.12,0.12,0.00,0.12,0.05,0.09,0.14,0.05,0.14
Malick Thiaw,de GER,DF,Schalke 04,19,2001,31,28,"2,546",28.3,2,0,2,2,0,0,3,0,2.6,2.6,0.9,3.5,21,110,9,0.07,0.00,0.07,0.07,0.07,0.09,0.03,0.12,0.09,0.12
Marco Thiede,de GER,DF,Karlsruher,29,1992,20,18,"1,559",17.3,1,3,4,1,0,0,2,0,0.9,0.9,2.0,2.8,34,93,70,0.06,0.17,0.23,0.06,0.23,0.05,0.11,0.16,0.05,0.16
Denis Thomalla,de GER,"MF,FW",Heidenheim,28,1992,15,9,840,9.3,0,2,2,0,0,0,0,0,1.7,1.7,1.0,2.6,6,30,45,0.00,0.21,0.21,0.00,0.21,0.18,0.10,0.28,0.18,0.28
Phillip Tietz,de GER,FW,Darmstadt 98,24,1997,34,31,"2,609",29.0,15,7,22,13,2,2,4,0,11.1,9.5,6.0,15.5,28,64,197,0.52,0.24,0.76,0.45,0.69,0.38,0.21,0.59,0.33,0.54
Ömer Toprak,tr TUR,DF,Werder Bremen,32,1989,21,19,"1,512",16.8,1,0,1,1,0,0,2,0,1.0,1.0,0.3,1.4,14,76,4,0.06,0.00,0.06,0.06,0.06,0.06,0.02,0.08,0.06,0.08
Nikola Trujić,rs SRB,"FW,MF",Erzgebirge Aue,29,1992,21,6,670,7.4,3,0,3,3,0,0,2,0,2.4,2.4,1.9,4.3,15,11,50,0.40,0.00,0.40,0.40,0.40,0.32,0.26,0.58,0.32,0.58
Tom Trybull,de GER,MF,Hannover 96,28,1993,5,3,227,2.5,0,0,0,0,0,0,2,0,0.2,0.2,0.0,0.2,1,11,1,0.00,0.00,0.00,0.00,0.00,0.06,0.00,0.06,0.06,0.06
Tom Trybull,de GER,MF,Sandhausen,28,1993,13,13,"1,120",12.4,2,0,2,2,0,0,6,0,1.0,1.0,0.1,1.1,1,45,3,0.16,0.00,0.16,0.16,0.16,0.08,0.01,0.08,0.08,0.08
Takashi Uchino,jp JPN,"DF,MF",Düsseldorf,20,2001,2,1,96,1.1,0,0,0,0,0,0,0,0,0.0,0.0,0.0,0.0,1,2,3,0.00,0.00,0.00,0.00,0.00,0.02,0.00,0.02,0.02,0.02
Josha Vagnoman,de GER,"DF,FW",Hamburger SV,20,2000,12,7,671,7.5,2,2,4,2,0,0,0,0,1.2,1.2,1.4,2.6,26,48,61,0.27,0.27,0.54,0.27,0.54,0.15,0.19,0.34,0.15,0.34
Enrico Valentini,it ITA,DF,Nürnberg,32,1989,28,24,"2,073",23.0,2,1,3,0,2,3,3,0,4.1,1.7,2.4,4.1,52,87,64,0.09,0.04,0.13,0.00,0.04,0.18,0.10,0.28,0.07,0.18
Nikola Vasilj,ba BIH,GK,St. Pauli,25,1995,33,33,"2,970",33.0,0,0,0,0,0,0,1,0,0.0,0.0,0.0,0.0,0,0,0,0.00,0.00,0.00,0.00,0.00,0.00,0.00,0.00,0.00,0.00
Miloš Veljković,rs SRB,DF,Werder Bremen,25,1995,26,25,"2,305",25.6,1,1,2,1,0,0,3,0,2.6,2.6,1.1,3.7,25,153,20,0.04,0.04,0.08,0.04,0.08,0.10,0.04,0.14,0.10,0.14
John Verhoek,nl NED,FW,Hansa Rostock,32,1989,32,32,"2,537",28.2,17,1,18,15,2,2,9,0,11.1,9.5,3.4,12.9,12,52,128,0.60,0.04,0.64,0.53,0.57,0.39,0.12,0.51,0.34,0.46
Christian Viet,de GER,DF,St. Pauli,22,1999,3,0,53,0.6,0,0,0,0,0,0,0,0,0.0,0.0,0.5,0.5,0,4,5,0.00,0.00,0.00,0.00,0.00,0.00,0.83,0.83,0.00,0.83
Andreas Vindheim,no NOR,"DF,FW",Schalke 04,25,1995,7,5,337,3.7,1,1,2,1,0,0,3,0,0.6,0.6,0.6,1.2,15,17,29,0.27,0.27,0.53,0.27,0.53,0.17,0.16,0.33,0.17,0.33
Panagiotis Vlachodimos,gr GRE,"FW,MF",Dresden,29,1991,9,2,294,3.3,1,0,1,1,0,0,0,0,0.6,0.6,1.0,1.6,20,6,42,0.31,0.00,0.31,0.31,0.31,0.17,0.31,0.49,0.17,0.49
Mario Vušković,hr CRO,DF,Hamburger SV,19,2001,24,22,"1,989",22.1,1,1,2,1,0,0,2,0,0.8,0.8,0.7,1.5,44,124,9,0.05,0.05,0.09,0.05,0.09,0.04,0.03,0.07,0.04,0.07
Aleksandr Vyacheslavovich Zhirov,ru RUS,DF,Sandhausen,30,1991,33,33,"2,946",32.7,1,2,3,1,0,0,4,0,2.0,2.0,1.0,3.0,28,99,8,0.03,0.06,0.09,0.03,0.09,0.06,0.03,0.09,0.06,0.09
Hauke Wahl,de GER,DF,Holstein Kiel,27,1994,18,18,"1,620",18.0,0,0,0,0,0,0,1,0,0.8,0.8,0.3,1.1,31,93,8,0.00,0.00,0.00,0.00,0.00,0.05,0.02,0.06,0.05,0.06
,,,,,,,,,,,,,,,,,,,,,,,,,,,,,,,,,,
Tim Walbrecht,de GER,DF,Hannover 96,19,2001,5,3,221,2.5,0,0,0,0,0,0,0,0,0.1,0.1,0.0,0.1,1,7,0,0.00,0.00,0.00,0.00,0.00,0.04,0.00,0.04,0.04,0.04
Marvin Wanitzek,de GER,MF,Karlsruher,28,1993,32,32,"2,827",31.4,9,7,16,6,3,3,7,1,6.6,4.3,6.1,10.4,70,219,170,0.29,0.22,0.51,0.19,0.41,0.21,0.19,0.41,0.14,0.33
Alexander Weidinger,de GER,GK,Jahn R'burg,24,1997,1,1,90,1.0,0,0,0,0,0,0,0,0,0.0,0.0,0.0,0.0,0,0,0,0.00,0.00,0.00,0.00,0.00,0.00,0.00,0.00,0.00,0.00
Patrick Weihrauch,de GER,MF,Dresden,27,1994,12,5,545,6.1,1,2,3,1,0,0,1,0,1.0,1.0,1.8,2.7,4,30,13,0.17,0.33,0.50,0.17,0.50,0.16,0.29,0.45,0.16,0.45
Max Weiß,de GER,GK,Karlsruher,17,2004,1,1,90,1.0,0,0,0,0,0,0,0,0,0.0,0.0,0.0,0.0,0,0,0,0.00,0.00,0.00,0.00,0.00,0.00,0.00,0.00,0.00,0.00
Mitchell Weiser,de GER,"DF,FW",Werder Bremen,27,1994,24,17,"1,378",15.3,2,2,4,2,0,0,1,0,2.1,2.1,3.1,5.2,44,69,111,0.13,0.13,0.26,0.13,0.26,0.14,0.20,0.34,0.14,0.34
Erik Wekesser,de GER,"DF,FW",Jahn R'burg,24,1997,31,26,"2,482",27.6,1,4,5,1,0,0,7,0,0.9,0.9,3.9,4.8,75,144,108,0.04,0.15,0.18,0.04,0.18,0.03,0.14,0.17,0.03,0.17
Hendrik Weydandt,de GER,"FW,MF",Hannover 96,26,1995,30,10,"1,254",13.9,3,0,3,3,0,0,2,0,5.0,5.0,1.0,6.0,9,15,78,0.22,0.00,0.22,0.22,0.22,0.36,0.07,0.43,0.36,0.43
Jannes Wieckhoff,de GER,DF,St. Pauli,20,2000,2,2,157,1.7,0,0,0,0,0,0,0,0,0.0,0.0,0.8,0.9,6,11,10,0.00,0.00,0.00,0.00,0.00,0.01,0.48,0.50,0.01,0.50
Jordy de Wijs,nl NED,DF,Düsseldorf,26,1995,10,10,857,9.5,1,0,1,1,0,0,3,0,1.5,1.5,0.1,1.6,11,41,5,0.11,0.00,0.11,0.11,0.11,0.15,0.01,0.17,0.15,0.17
Paul Will,de GER,MF,Dresden,22,1999,23,10,"1,025",11.4,2,0,2,2,0,0,2,0,0.9,0.9,0.4,1.2,14,46,13,0.18,0.00,0.18,0.18,0.18,0.08,0.03,0.11,0.08,0.11
Manuel Wintzheimer,de GER,"FW,MF",Hamburger SV,22,1999,27,4,611,6.8,2,1,3,2,0,0,3,0,2.3,2.3,0.8,3.1,35,20,112,0.29,0.15,0.44,0.29,0.44,0.34,0.11,0.45,0.34,0.45
Lucas Wolf,de GER,MF,Holstein Kiel,19,2001,2,0,26,0.3,0,0,0,0,0,0,0,0,0.0,0.0,0.0,0.0,1,1,1,0.00,0.00,0.00,0.00,0.00,0.00,0.00,0.00,0.00,0.00
Raphael Wolf,de GER,GK,Düsseldorf,33,1988,7,6,546,6.1,0,0,0,0,0,0,0,0,0.0,0.0,0.0,0.0,0,0,0,0.00,0.00,0.00,0.00,0.00,0.00,0.00,0.00,0.00,0.00
Nick Woltemade,de GER,"MF,FW",Werder Bremen,19,2002,7,0,49,0.5,0,0,0,0,0,0,0,0,0.1,0.1,0.1,0.3,1,0,0,0.00,0.00,0.00,0.00,0.00,0.26,0.22,0.48,0.26,0.48
Dries Wouters,be BEL,"MF,DF",Schalke 04,24,1997,2,1,117,1.3,0,0,0,0,0,0,0,0,0.0,0.0,0.0,0.0,1,1,0,0.00,0.00,0.00,0.00,0.00,0.00,0.03,0.03,0.00,0.03
Robin Yalçın,de GER,"DF,MF",Paderborn 07,27,1994,25,15,"1,250",13.9,0,1,1,0,0,0,2,0,0.4,0.4,0.7,1.2,31,70,33,0.00,0.07,0.07,0.00,0.07,0.03,0.05,0.08,0.03,0.08
Aygün Yildirim,,"MF,FW",Jahn R'burg,26,1995,16,0,184,2.0,0,0,0,0,0,0,2,0,0.6,0.6,0.3,0.9,5,8,19,0.00,0.00,0.00,0.00,0.00,0.28,0.14,0.41,0.28,0.41
Rodrigo Zalazar,uy URU,MF,Schalke 04,21,1999,30,25,"2,094",23.3,6,5,11,6,0,0,4,0,6.3,6.3,4.8,11.1,79,104,119,0.26,0.21,0.47,0.26,0.47,0.27,0.20,0.48,0.27,0.48
Luca-Milan Zander,de GER,DF,St. Pauli,25,1995,25,21,"1,844",20.5,1,1,2,1,0,0,3,0,0.3,0.3,2.1,2.3,35,109,66,0.05,0.05,0.10,0.05,0.10,0.01,0.10,0.11,0.01,0.11
Bjorn Zempelin,de GER,MF,Jahn R'burg,21,2000,2,0,2,0.0,0,0,0,0,0,0,0,0,0.0,0.0,0.0,0.0,0,0,1,0.00,0.00,0.00,0.00,0.00,0.00,0.00,0.00,0.00,0.00
Erik Zenga,de GER,MF,Sandhausen,28,1993,33,29,"2,550",28.3,1,3,4,1,0,0,8,0,1.5,1.5,1.8,3.3,22,114,24,0.04,0.11,0.14,0.04,0.14,0.05,0.06,0.12,0.05,0.12
Michael Zetterer,de GER,GK,Werder Bremen,26,1995,11,11,990,11.0,0,0,0,0,0,0,1,0,0.0,0.0,0.0,0.0,0,1,0,0.00,0.00,0.00,0.00,0.00,0.00,0.00,0.00,0.00,0.00
Ron-Robert Zieler,de GER,GK,Hannover 96,32,1989,25,25,"2,192",24.4,0,1,1,0,0,0,1,0,0.0,0.0,0.6,0.6,0,1,0,0.00,0.04,0.04,0.00,0.04,0.00,0.03,0.03,0.00,0.03
Philipp Ziereis,de GER,DF,St. Pauli,28,1993,24,23,"1,898",21.1,0,0,0,0,0,0,3,1,0.3,0.3,0.0,0.3,11,65,3,0.00,0.00,0.00,0.00,0.00,0.02,0.00,0.02,0.02,0.02
,,,,,,,,,,,,,,,,,,,,,,,,,,,,,,,,,,
Matthias Zimmermann,de GER,DF,Düsseldorf,29,1992,28,26,"2,344",26.0,3,1,4,3,0,0,0,0,2.0,2.0,1.3,3.3,68,171,121,0.12,0.04,0.15,0.12,0.15,0.08,0.05,0.13,0.08,0.13
Ben Zolinski,de GER,"FW,MF",Erzgebirge Aue,29,1992,26,23,"1,803",20.0,4,3,7,4,0,0,6,0,4.0,4.0,4.5,8.5,26,56,113,0.20,0.15,0.35,0.20,0.35,0.20,0.22,0.42,0.20,0.42
Joël Zwarts,nl NED,"FW,MF",Jahn R'burg,22,1999,24,5,558,6.2,2,0,2,2,0,0,0,0,2.3,2.3,0.5,2.8,9,10,38,0.32,0.00,0.32,0.32,0.32,0.38,0.08,0.46,0.38,0.46
Dario Đumić,ba BIH,DF,Sandhausen,29,1992,16,15,"1,371",15.2,2,1,3,2,0,0,4,0,1.1,1.1,1.2,2.3,5,27,0,0.13,0.07,0.20,0.13,0.20,0.07,0.08,0.15,0.07,0.15
