Player,Nation,Pos,Squad,Age,Born,MP,Starts,Min,90s,Gls,Ast,G+A,G-PK,PK,PKatt,CrdY,CrdR,Gls,Ast,G+A,G-PK,G+A-PK
Samuel Abifade,de GER,MF,SV Waldhof,23,1999,31,16,"1,581",17.6,3,2,5,3,0,0,6,1,0.17,0.11,0.28,0.17,0.28
Junior Adamu,at AUT,"MF,FW",SC Freiburg II,22,2001,2,2,148,1.6,0,0,0,0,0,0,1,0,0.00,0.00,0.00,0.00,0.00
Emanuel Adou,de GER,MF,Lübeck,21,2002,8,1,140,1.6,1,0,1,1,0,0,1,0,0.64,0.00,0.64,0.64,0.64
Gibson Adu,de GER,FW,Unterhaching,15,2008,10,0,112,1.2,1,0,1,1,0,0,0,0,0.80,0.00,0.80,0.80,0.80
Prince Adu-Addae Aning,nl NED,DF,Dortmund II,19,2004,7,2,244,2.7,0,0,0,0,0,0,0,1,0.00,0.00,0.00,0.00,0.00
Lukas Ahrend,de GER,MF,Ulm,23,2000,26,7,818,9.1,0,0,0,0,0,0,4,0,0.00,0.00,0.00,0.00,0.00
Antonis Aidonis,de GER,DF,Dortmund II,22,2001,14,13,"1,091",12.1,1,3,4,1,0,0,4,0,0.08,0.25,0.33,0.08,0.33
Marvin Ajani,de GER,DF,Hallescher,29,1993,10,1,210,2.3,0,0,0,0,0,0,2,0,0.00,0.00,0.00,0.00,0.00
Cyrill Akono,de GER,FW,Lübeck,23,2000,29,16,"1,376",15.3,3,0,3,3,0,0,4,0,0.20,0.00,0.20,0.20,0.20
Madeno Albenas,fr FRA,DF,SV Waldhof,21,2002,9,7,471,5.2,0,0,0,0,0,0,0,0,0.00,0.00,0.00,0.00,0.00
Ben Alexander Voll,de GER,GK,Viktoria Köln,22,2000,32,32,"2,880",32.0,0,0,0,0,0,0,1,0,0.00,0.00,0.00,0.00,0.00
Felix Allgaier,de GER,"MF,DF",SC Freiburg II,20,2003,9,3,342,3.8,0,0,0,0,0,0,3,0,0.00,0.00,0.00,0.00,0.00
Bastian Allgeier,de GER,MF,Ulm,21,2002,31,29,"2,626",29.2,2,2,4,2,0,0,2,0,0.07,0.07,0.14,0.07,0.14
Lukáš Ambros,cz CZE,"MF,FW",SC Freiburg II,19,2004,29,22,"1,844",20.5,1,2,3,1,0,0,5,1,0.05,0.10,0.15,0.05,0.15
Hamza Anhari,de GER,MF,MSV Duisburg,19,2004,10,0,140,1.6,0,0,0,0,0,0,0,0,0.00,0.00,0.00,0.00,0.00
Tobias Anselm,at AUT,MF,Viktoria Köln,23,2000,10,0,227,2.5,2,0,2,2,0,0,0,0,0.79,0.00,0.79,0.79,0.79
Niclas Anspach,de GER,MF,Jahn R'burg,23,2000,14,5,473,5.3,0,1,1,0,0,0,3,0,0.00,0.19,0.19,0.00,0.19
Kelvin Arase,at AUT,MF,SV Waldhof,24,1999,31,23,"2,061",22.9,2,2,4,2,0,0,10,0,0.09,0.09,0.17,0.09,0.17
Ahmet Arslan,de GER,MF,Dresden,29,1994,13,5,625,6.9,0,2,2,0,0,0,1,0,0.00,0.29,0.29,0.00,0.29
Ayman Azhil,ma MAR,MF,Dortmund II,22,2001,28,25,"2,174",24.2,5,3,8,5,0,0,11,0,0.21,0.12,0.33,0.21,0.33
Tom Baack,de GER,"MF,DF",Verl,24,1999,36,30,"2,615",29.1,1,0,1,1,0,0,2,0,0.03,0.00,0.03,0.03,0.03
Marvin Bakalorz,de GER,"MF,DF",MSV Duisburg,33,1989,14,7,701,7.8,0,0,0,0,0,0,2,0,0.00,0.00,0.00,0.00,0.00
Alaa Bakir,jo JOR,MF,MSV Duisburg,22,2001,16,2,507,5.6,2,1,3,2,0,0,4,0,0.36,0.18,0.53,0.36,0.53
Florian Ballas,de GER,DF,Jahn R'burg,30,1993,25,23,"2,045",22.7,2,1,3,2,0,0,3,0,0.09,0.04,0.13,0.09,0.13
Samuel Bamba,de GER,"FW,MF",Dortmund II,19,2004,21,3,534,5.9,1,0,1,1,0,0,4,1,0.17,0.00,0.17,0.17,0.17
,,,,,,,,,,,,,,,,,,,,,,
Moritz Bangerter,de GER,MF,1860 Munich,18,2004,3,2,122,1.4,0,0,0,0,0,0,0,0,0.00,0.00,0.00,0.00,0.00
Marcel Bär,de GER,FW,Erzgebirge Aue,31,1992,30,28,"2,310",25.7,13,1,14,13,0,0,3,0,0.51,0.04,0.55,0.51,0.55
Jan-Christoph Bartels,de GER,GK,SV Waldhof,24,1999,11,11,924,10.3,0,0,0,0,0,0,0,0,0.00,0.00,0.00,0.00,0.00
Anthony Barylla,de GER,DF,Erzgebirge Aue,26,1997,21,21,"1,883",20.9,0,1,1,0,0,0,0,0,0.00,0.05,0.05,0.00,0.05
Felix Bastians,de GER,DF,Rot-Weiss Essen,35,1988,6,5,401,4.5,1,0,1,1,0,0,1,0,0.22,0.00,0.22,0.22,0.22
Oliver Batista-Meier,de GER,"MF,FW",Verl,22,2001,20,17,"1,617",18.0,9,9,18,8,1,1,1,0,0.50,0.50,1.00,0.45,0.95
Malik Batmaz,de GER,FW,Preußen Münster,23,2000,38,34,"2,644",29.4,17,3,20,17,0,0,4,0,0.58,0.10,0.68,0.58,0.68
Benedikt Bauer,de GER,DF,Unterhaching,19,2003,9,7,600,6.7,0,0,0,0,0,0,2,0,0.00,0.00,0.00,0.00,0.00
Jonas Bauer,de GER,MF,Jahn R'burg,19,2003,14,4,405,4.5,1,0,1,1,0,0,3,0,0.22,0.00,0.22,0.22,0.22
Dominic Baumann,de GER,FW,Hallescher,28,1995,37,36,"2,990",33.2,15,0,15,12,3,4,3,0,0.45,0.00,0.45,0.36,0.36
Tom Baumgart,de GER,"MF,DF",Hallescher,25,1997,23,9,913,10.1,2,1,3,2,0,0,5,0,0.20,0.10,0.30,0.20,0.30
Mika Baur,de GER,"MF,FW",SC Freiburg II,19,2004,30,29,"2,470",27.4,1,5,6,1,0,0,6,1,0.04,0.18,0.22,0.04,0.22
Bentley Baxter Bahn,de GER,MF,SV Waldhof,30,1992,32,30,"2,614",29.0,5,1,6,3,2,2,9,0,0.17,0.03,0.21,0.10,0.14
Noah Joel Sarenren Bazee,ng NGA,"FW,MF",Arminia,26,1996,9,6,501,5.6,1,1,2,1,0,0,2,0,0.18,0.18,0.36,0.18,0.36
Luca Bazzoli,de GER,MF,Preußen Münster,22,2000,34,34,"2,901",32.2,1,2,3,1,0,0,9,0,0.03,0.06,0.09,0.03,0.09
André Becker,de GER,FW,Viktoria Köln,27,1996,34,24,"2,273",25.3,10,3,13,9,1,1,3,0,0.40,0.12,0.51,0.36,0.48
Dominik Becker,de GER,DF,Saarbrücken,23,2000,25,16,"1,597",17.7,3,1,4,3,0,0,1,0,0.17,0.06,0.23,0.17,0.23
Robin Becker,de GER,DF,Saarbrücken,26,1997,12,5,449,5.0,0,0,0,0,0,0,3,0,0.00,0.00,0.00,0.00,0.00
Brian Behrendt,de GER,DF,Hallescher,31,1991,12,12,"1,013",11.3,0,0,0,0,0,0,2,0,0.00,0.00,0.00,0.00,0.00
Daouda Beleme,bf BFA,"FW,MF",Ingolstadt 04,22,2001,19,4,478,5.3,0,1,1,0,0,0,0,0,0.00,0.19,0.19,0.00,0.19
Daouda Beleme,bf BFA,FW,Lübeck,22,2001,14,9,787,8.7,2,1,3,2,0,1,0,0,0.23,0.11,0.34,0.23,0.34
Semi Belkahia,de GER,DF,Arminia,24,1998,14,12,"1,089",12.1,0,0,0,0,0,0,3,0,0.00,0.00,0.00,0.00,0.00
Yassin Ben Balla,fr FRA,MF,Sandhausen,27,1996,32,25,"2,209",24.5,3,0,3,3,0,0,7,0,0.12,0.00,0.12,0.12,0.12
Marcel Benger,de GER,MF,Verl,25,1998,31,31,"2,531",28.1,5,2,7,5,0,0,9,0,0.18,0.07,0.25,0.18,0.25
Marvin Benjamins,de GER,DF,Preußen Münster,20,2002,1,0,8,0.1,0,0,0,0,0,0,0,0,0.00,0.00,0.00,0.00,0.00
,,,,,,,,,,,,,,,,,,,,,,
Tom Berger,de GER,MF,Dresden,22,2001,17,0,186,2.1,0,0,0,0,0,0,2,1,0.00,0.00,0.00,0.00,0.00
Erich Berko,de GER,"FW,MF",Hallescher,28,1994,34,13,"1,265",14.1,1,1,2,1,0,0,4,0,0.07,0.07,0.14,0.07,0.14
Ron Berlinski,de GER,"FW,MF",Rot-Weiss Essen,28,1994,33,8,"1,093",12.1,2,3,5,2,0,0,5,1,0.16,0.25,0.41,0.16,0.41
Felix Bernd Wienand,de GER,GK,Rot-Weiss Essen,21,2002,2,2,180,2.0,0,0,0,0,0,0,0,0,0.00,0.00,0.00,0.00,0.00
Paul-Philipp Besong,de GER,FW,Dortmund II,22,2000,16,13,928,10.3,4,2,6,4,0,0,5,0,0.39,0.19,0.58,0.39,0.58
Julius Biada,de GER,"MF,FW",Saarbrücken,30,1992,20,5,657,7.3,0,0,0,0,0,0,0,1,0.00,0.00,0.00,0.00,0.00
Merveille Biankadi,cd COD,"MF,FW",Arminia,28,1995,34,27,"2,235",24.8,9,5,14,7,2,4,4,0,0.36,0.20,0.56,0.28,0.48
Joel Bichsel,ch SUI,DF,SC Freiburg II,21,2002,34,28,"2,430",27.0,1,1,2,1,0,0,4,0,0.04,0.04,0.07,0.04,0.07
Joshua Bitter,de GER,DF,MSV Duisburg,26,1997,28,27,"2,131",23.7,2,2,4,2,0,0,6,2,0.08,0.08,0.17,0.08,0.17
Alexander Bittroff,de GER,DF,Jahn R'burg,34,1988,10,5,490,5.4,0,0,0,0,0,0,1,0,0.00,0.00,0.00,0.00,0.00
Hendry Blank,de GER,DF,Dortmund II,18,2004,13,13,"1,132",12.6,0,0,0,0,0,0,6,1,0.00,0.00,0.00,0.00,0.00
Benjamin Böckle,at AUT,"DF,MF",Preußen Münster,21,2002,27,24,"2,058",22.9,0,3,3,0,0,0,1,0,0.00,0.13,0.13,0.00,0.13
Lukas Boeder,de GER,"DF,MF",Saarbrücken,26,1997,35,32,"2,795",31.1,1,1,2,1,0,0,2,0,0.03,0.03,0.06,0.03,0.06
Donny Bogicevic,de GER,"MF,FW",Viktoria Köln,21,2001,17,17,"1,333",14.8,4,2,6,4,0,0,0,0,0.27,0.14,0.41,0.27,0.41
Dmytro Bohdanov,ua UKR,MF,Dresden,16,2007,1,0,19,0.2,0,0,0,0,0,0,0,0,0.00,0.00,0.00,0.00,0.00
Mirko Boland,de GER,"MF,FW",Lübeck,36,1987,31,28,"2,463",27.4,2,1,3,2,0,0,9,1,0.07,0.04,0.11,0.07,0.11
Luca Bolay,de GER,"DF,MF",SV Waldhof,21,2002,12,10,818,9.1,0,3,3,0,0,0,1,0,0.00,0.33,0.33,0.00,0.33
Andor Bolyki,de GER,FW,Hallescher,28,1994,17,4,565,6.3,0,0,0,0,0,0,0,0,0.00,0.00,0.00,0.00,0.00
Tarsis Bonga,de GER,"FW,MF",1860 Munich,26,1997,7,0,44,0.5,0,0,0,0,0,0,0,0,0.00,0.00,0.00,0.00,0.00
Tarsis Bonga,de GER,"FW,MF",Hallescher,26,1997,13,13,926,10.3,0,2,2,0,0,0,1,0,0.00,0.19,0.19,0.00,0.19
Elias Bördner,de GER,GK,Viktoria Köln,21,2002,1,1,90,1.0,0,0,0,0,0,0,0,0,0.00,0.00,0.00,0.00,0.00
Dennis Borkowski,de GER,"FW,MF",Dresden,21,2002,29,13,"1,051",11.7,3,3,6,2,1,1,0,0,0.26,0.26,0.51,0.17,0.43
Yassine Bouchama,ma MAR,"MF,FW",Preußen Münster,26,1997,32,14,"1,408",15.6,4,4,8,4,0,0,10,0,0.26,0.26,0.51,0.26,0.51
Franci Bouebari,fr FRA,DF,SC Freiburg II,19,2003,20,5,611,6.8,0,1,1,0,0,0,6,1,0.00,0.15,0.15,0.00,0.15
Nassim Boujellab,ma MAR,MF,Arminia,24,1999,29,13,"1,217",13.5,1,2,3,1,0,1,9,0,0.07,0.15,0.22,0.07,0.22
,,,,,,,,,,,,,,,,,,,,,,
Terrence Boyd,us USA,FW,SV Waldhof,32,1991,18,18,"1,543",17.1,7,2,9,7,0,0,3,0,0.41,0.12,0.52,0.41,0.52
Max Brandt,de GER,MF,Ulm,22,2001,37,32,"2,599",28.9,3,3,6,3,0,0,3,0,0.10,0.10,0.21,0.10,0.21
Sandrino Braun,de GER,DF,SC Freiburg II,35,1988,5,1,93,1.0,0,0,0,0,0,0,0,0,0.00,0.00,0.00,0.00,0.00
Maximilian Braune,de GER,GK,MSV Duisburg,20,2003,5,5,398,4.4,0,0,0,0,0,0,0,0,0.00,0.00,0.00,0.00,0.00
Pascal Breier,de GER,"FW,MF",Lübeck,31,1992,17,9,882,9.8,2,0,2,2,0,0,1,0,0.20,0.00,0.20,0.20,0.20
Andy Breuer,de GER,MF,Saarbrücken,17,2005,1,0,6,0.1,0,0,0,0,0,0,0,0,0.00,0.00,0.00,0.00,0.00
Louis Breunig,de GER,DF,Jahn R'burg,19,2003,35,35,"3,124",34.7,0,2,2,0,0,0,8,1,0.00,0.06,0.06,0.00,0.06
Maximilian Breunig,de GER,FW,SC Freiburg II,22,2000,25,21,"1,790",19.9,11,1,12,10,1,1,4,0,0.55,0.05,0.60,0.50,0.55
Kevin Broll,de GER,GK,Dresden,27,1995,17,17,"1,530",17.0,0,0,0,0,0,0,0,0,0.00,0.00,0.00,0.00,0.00
Lucas Brumme,de GER,DF,Rot-Weiss Essen,23,1999,35,34,"2,669",29.7,2,4,6,2,0,0,5,0,0.07,0.13,0.20,0.07,0.20
Kai Brünker,de GER,"FW,MF",Saarbrücken,29,1994,37,30,"2,637",29.3,12,3,15,12,0,0,7,0,0.41,0.10,0.51,0.41,0.51
Paris Brunner,de GER,FW,Dortmund II,17,2006,2,2,131,1.5,0,0,0,0,0,0,1,0,0.00,0.00,0.00,0.00,0.00
Guille Bueno,es ESP,DF,Dortmund II,20,2002,27,25,"2,178",24.2,0,2,2,0,0,0,3,0,0.00,0.08,0.08,0.00,0.08
Rasim Bulic,de GER,MF,Jahn R'burg,22,2000,35,35,"2,853",31.7,0,0,0,0,0,0,9,0,0.00,0.00,0.00,0.00,0.00
Lars Bünning,de GER,DF,Dresden,25,1998,29,21,"1,860",20.7,0,0,0,0,0,0,9,0,0.00,0.00,0.00,0.00,0.00
Livan Burcu,de GER,"MF,FW",Sandhausen,18,2004,28,17,"1,525",16.9,4,5,9,4,0,0,4,0,0.24,0.30,0.53,0.24,0.53
Korbinian Burger,de GER,DF,Erzgebirge Aue,28,1995,12,5,463,5.1,0,0,0,0,0,0,1,1,0.00,0.00,0.00,0.00,0.00
Justin Butler,de GER,"FW,MF",Dortmund II,22,2001,19,8,603,6.7,1,0,1,1,0,0,1,0,0.15,0.00,0.15,0.15,0.15
Sidny Cabral,cv CPV,"DF,MF",Viktoria Köln,20,2002,17,15,"1,333",14.8,0,2,2,0,0,0,8,0,0.00,0.14,0.14,0.00,0.14
Jonas Carls,de GER,"DF,MF",SV Waldhof,26,1997,26,17,"1,459",16.2,0,2,2,0,0,0,6,0,0.00,0.12,0.12,0.00,0.12
Aljaž Casar,si SVN,MF,Hallescher,22,2000,34,29,"2,632",29.2,2,2,4,2,0,0,9,0,0.07,0.07,0.14,0.07,0.14
Santiago Castaneda,us USA,MF,MSV Duisburg,18,2004,30,27,"2,328",25.9,2,2,4,2,0,0,10,0,0.08,0.08,0.15,0.08,0.15
Dennis Chessa,de GER,"FW,MF",Ulm,30,1992,36,32,"2,715",30.2,8,3,11,8,0,0,7,0,0.27,0.10,0.36,0.27,0.36
Tim Civeja,al ALB,MF,Saarbrücken,21,2002,31,19,"1,569",17.4,4,4,8,4,0,0,2,0,0.23,0.23,0.46,0.23,0.46
Milos Cocic,rs SRB,MF,1860 Munich,20,2003,3,0,60,0.7,0,0,0,0,0,0,0,0,0.00,0.00,0.00,0.00,0.00
,,,,,,,,,,,,,,,,,,,,,,
Mael Corboz,us USA,MF,Verl,28,1994,20,20,"1,707",19.0,5,3,8,5,0,0,4,0,0.26,0.16,0.42,0.26,0.42
Mael Corboz,us USA,MF,Arminia,28,1994,17,17,"1,507",16.7,0,1,1,0,0,0,2,0,0.00,0.06,0.06,0.00,0.06
Damian Ćorić,de GER,MF,Unterhaching,17,2006,1,0,2,0.0,0,0,0,0,0,0,0,0,0.00,0.00,0.00,0.00,0.00
Marcel Costly,de GER,"DF,MF",Ingolstadt 04,27,1995,28,27,"2,353",26.1,2,8,10,2,0,0,5,0,0.08,0.31,0.38,0.08,0.38
Lucas Cueto,de GER,"FW,MF",Dresden,27,1996,14,0,292,3.2,2,1,3,2,0,0,1,0,0.62,0.31,0.92,0.62,0.92
Mladen Cvjetinovic,ba BIH,DF,Ingolstadt 04,19,2003,22,19,"1,763",19.6,0,0,0,0,0,0,3,0,0.00,0.00,0.00,0.00,0.00
Tim Danhof,de GER,DF,Erzgebirge Aue,26,1997,35,35,"3,141",34.9,4,4,8,4,0,0,5,0,0.11,0.11,0.23,0.11,0.23
Mattis Daube,de GER,DF,Lübeck,25,1998,5,2,151,1.7,0,0,0,0,0,0,0,0,0.00,0.00,0.00,0.00,0.00
Yannick Deichmann,de GER,"MF,DF",Ingolstadt 04,28,1994,32,31,"2,598",28.9,4,2,6,4,0,0,4,0,0.14,0.07,0.21,0.14,0.21
Tunay Deniz,de GER,MF,Hallescher,29,1994,37,37,"3,158",35.1,9,5,14,9,0,1,7,0,0.26,0.14,0.40,0.26,0.40
Thorben Deters,de GER,MF,Preußen Münster,27,1995,20,11,859,9.5,0,3,3,0,0,0,6,0,0.00,0.31,0.31,0.00,0.31
Agyemang Diawusie,de GER,"MF,FW",Jahn R'burg,25,1998,12,7,533,5.9,0,0,0,0,0,0,1,0,0.00,0.00,0.00,0.00,0.00
Gavin Didzilatis,de GER,GK,Lübeck,21,2002,1,1,90,1.0,0,0,0,0,0,0,0,0,0.00,0.00,0.00,0.00,0.00
Dennis Diekmeier,de GER,"DF,MF",Sandhausen,33,1989,27,14,"1,312",14.6,0,0,0,0,0,0,5,0,0.00,0.00,0.00,0.00,0.00
Tim-Justin Dietrich,de GER,DF,Hallescher,20,2002,4,3,205,2.3,0,0,0,0,0,0,2,0,0.00,0.00,0.00,0.00,0.00
Lars Dietz,de GER,DF,Viktoria Köln,26,1997,17,12,"1,207",13.4,0,1,1,0,0,0,1,0,0.00,0.07,0.07,0.00,0.07
Max Dittgen,de GER,"MF,FW",Ingolstadt 04,28,1995,18,5,573,6.4,2,0,2,1,1,1,4,0,0.31,0.00,0.31,0.16,0.16
Moussa Doumbouya,gn GUI,FW,Rot-Weiss Essen,25,1998,29,13,"1,189",13.2,6,0,6,3,3,3,4,0,0.45,0.00,0.45,0.23,0.23
Ognjen Drakulić,rs SRB,FW,Ingolstadt 04,17,2006,7,2,198,2.2,1,0,1,1,0,0,3,0,0.45,0.00,0.45,0.45,0.45
Felix Drinkuth,de GER,MF,Lübeck,28,1994,8,2,253,2.8,1,0,1,1,0,0,0,0,0.36,0.00,0.36,0.36,0.36
Stefan Drljača,de GER,GK,Dresden,24,1999,20,20,"1,797",20.0,0,0,0,0,0,0,1,0,0.00,0.00,0.00,0.00,0.00
Michael Eberwein,de GER,"MF,FW",Dortmund II,27,1996,33,29,"2,515",27.9,4,2,6,4,0,0,7,0,0.14,0.07,0.21,0.14,0.21
Florian Egerer,de GER,"MF,DF",Lübeck,25,1998,37,27,"2,476",27.5,0,0,0,0,0,0,4,0,0.00,0.00,0.00,0.00,0.00
Kevin Ehlers,de GER,DF,Dresden,22,2001,16,9,862,9.6,0,0,0,0,0,0,1,1,0.00,0.00,0.00,0.00,0.00
Christoph Ehlich,de GER,"MF,DF",Sandhausen,24,1999,34,30,"2,621",29.1,2,6,8,2,0,0,3,0,0.07,0.21,0.27,0.07,0.27
,,,,,,,,,,,,,,,,,,,,,,
Noel Eichinger,de GER,FW,Jahn R'burg,21,2001,3,0,34,0.4,0,1,1,0,0,0,0,0,0.00,2.65,2.65,0.00,2.65
Tobias Eisenhuth,de GER,"MF,FW",Jahn R'burg,21,2001,27,6,732,8.1,1,2,3,1,0,0,0,0,0.12,0.25,0.37,0.12,0.37
Thomas Eisfeld,de GER,MF,Rot-Weiss Essen,30,1993,23,15,"1,206",13.4,4,1,5,4,0,0,4,0,0.30,0.07,0.37,0.30,0.37
Julian Eitschberger,de GER,"DF,MF",Hallescher,19,2004,31,29,"2,286",25.4,1,2,3,1,0,0,7,0,0.04,0.08,0.12,0.04,0.12
Chinedu Ekene,de GER,"FW,MF",MSV Duisburg,24,1999,11,9,823,9.1,0,1,1,0,0,0,2,0,0.00,0.11,0.11,0.00,0.11
Rodney Elongo-Yombo,de GER,"FW,MF",Dortmund II,22,2001,30,27,"2,380",26.4,9,0,9,9,0,0,3,1,0.34,0.00,0.34,0.34,0.34
Luc Elsner,de GER,FW,Erzgebirge Aue,19,2004,3,0,18,0.2,0,0,0,0,0,0,0,0,0.00,0.00,0.00,0.00,0.00
Florian Engelhardt,de GER,MF,Viktoria Köln,20,2003,16,16,"1,166",13.0,0,1,1,0,0,0,4,1,0.00,0.08,0.08,0.00,0.08
Ahmet Engin,de GER,"MF,DF",MSV Duisburg,26,1996,18,13,"1,169",13.0,3,4,7,2,1,1,2,0,0.23,0.31,0.54,0.15,0.46
Alexander Esswein,de GER,"FW,MF",MSV Duisburg,33,1990,31,23,"1,838",20.4,5,1,6,3,2,2,8,0,0.24,0.05,0.29,0.15,0.20
Tiago Estevao,de GER,GK,Dortmund II,21,2002,2,2,180,2.0,0,0,0,0,0,0,0,0,0.00,0.00,0.00,0.00,0.00
Ahmed Etri,de GER,MF,Rot-Weiss Essen,18,2005,2,0,26,0.3,0,0,0,0,0,0,1,0,0.00,0.00,0.00,0.00,0.00
Franck Evina,cm CMR,"FW,MF",Sandhausen,23,2000,21,7,713,7.9,2,0,2,1,1,1,4,0,0.25,0.00,0.25,0.13,0.13
Konrad Faber,de GER,"DF,MF",Jahn R'burg,25,1997,37,37,"3,316",36.8,3,3,6,3,0,0,5,0,0.08,0.08,0.16,0.08,0.16
Simon Fabio Stehle,de GER,FW,Saarbrücken,21,2001,32,13,"1,300",14.4,7,1,8,7,0,0,5,0,0.48,0.07,0.55,0.48,0.55
Mats Facklam,dk DEN,"FW,MF",Lübeck,26,1996,17,5,610,6.8,3,0,3,3,0,0,0,0,0.44,0.00,0.44,0.44,0.44
Philip Fahrner,de GER,"DF,MF",SC Freiburg II,20,2003,27,23,"1,916",21.3,2,0,2,2,0,0,5,0,0.09,0.00,0.09,0.09,0.09
Pascal Fallmann,at AUT,DF,SC Freiburg II,19,2003,34,23,"1,894",21.0,0,3,3,0,0,0,6,0,0.00,0.14,0.14,0.00,0.14
Manuel Farrona-Pulido,de GER,MF,Lübeck,30,1993,32,14,"1,223",13.6,1,1,2,1,0,0,6,0,0.07,0.07,0.15,0.07,0.15
Adrian Fein,de GER,MF,Verl,24,1999,8,1,180,2.0,0,0,0,0,0,0,0,0,0.00,0.00,0.00,0.00,0.00
Rolf Feltscher,ve VEN,"DF,MF",MSV Duisburg,32,1990,24,20,"1,788",19.9,0,4,4,0,0,0,7,0,0.00,0.20,0.20,0.00,0.20
Ramzi Ferjani,tn TUN,"DF,MF",Erzgebirge Aue,22,2001,10,0,34,0.4,0,0,0,0,0,0,0,0,0.00,0.00,0.00,0.00,0.00
Mathias Fetsch,de GER,FW,Unterhaching,34,1988,36,33,"2,908",32.3,10,2,12,10,0,1,6,0,0.31,0.06,0.37,0.31,0.37
Tobias Fleckstein,de GER,DF,MSV Duisburg,24,1999,27,18,"1,816",20.2,0,0,0,0,0,0,3,0,0.00,0.00,0.00,0.00,0.00
Marlon Frey,de GER,MF,1860 Munich,27,1996,28,16,"1,467",16.3,0,2,2,0,0,0,3,1,0.00,0.12,0.12,0.00,0.12
,,,,,,,,,,,,,,,,,,,,,,
Robin Friedrich,de GER,FW,Verl,20,2003,5,0,47,0.5,0,0,0,0,0,0,0,0,0.00,0.00,0.00,0.00,0.00
Moritz Fritz,de GER,"MF,DF",Viktoria Köln,30,1993,25,14,"1,225",13.6,0,1,1,0,0,0,3,0,0.00,0.07,0.07,0.00,0.07
Lukas Fröde,de GER,MF,Ingolstadt 04,28,1995,33,33,"2,791",31.0,2,1,3,2,0,0,12,2,0.06,0.03,0.10,0.06,0.10
Alexander Fuchs,de GER,"DF,MF",Sandhausen,26,1997,21,19,"1,739",19.3,0,1,1,0,0,0,5,1,0.00,0.05,0.05,0.00,0.05
Marius Funk,de GER,GK,Ingolstadt 04,27,1996,38,38,"3,420",38.0,0,0,0,0,0,0,3,0,0.00,0.00,0.00,0.00,0.00
Tom Gaal,de GER,DF,Ulm,22,2001,31,28,"2,543",28.3,4,0,4,4,0,0,3,0,0.14,0.00,0.14,0.14,0.14
Noah Ganaus,de GER,FW,Jahn R'burg,22,2001,33,26,"2,358",26.2,10,2,12,10,0,0,3,1,0.38,0.08,0.46,0.38,0.46
Angelo Gattermayer,at AUT,FW,SV Waldhof,21,2002,1,0,23,0.3,0,0,0,0,0,0,0,0,0.00,0.00,0.00,0.00,0.00
Marcel Gaus,de GER,"MF,DF",Saarbrücken,33,1989,34,32,"2,398",26.6,2,3,5,2,0,0,10,0,0.08,0.11,0.19,0.08,0.19
Timur Gayret,de GER,"MF,FW",Hallescher,24,1998,35,31,"2,665",29.6,4,6,10,4,0,0,6,0,0.14,0.20,0.34,0.14,0.34
Felix Gebhardt,de GER,GK,Jahn R'burg,21,2002,30,30,"2,700",30.0,0,0,0,0,0,0,2,0,0.00,0.00,0.00,0.00,0.00
Tom Geerkens,de GER,MF,Arminia,22,2000,9,1,219,2.4,0,0,0,0,0,0,3,0,0.00,0.00,0.00,0.00,0.00
Andreas Geipl,de GER,MF,Jahn R'burg,31,1992,34,34,"2,849",31.7,1,2,3,1,0,0,15,0,0.03,0.06,0.09,0.03,0.09
Max Geschwill,de GER,DF,Sandhausen,22,2001,27,27,"2,392",26.6,2,0,2,2,0,0,5,0,0.08,0.00,0.08,0.08,0.08
Thomas Geyer,de GER,DF,Ulm,32,1991,25,23,"1,989",22.1,0,1,1,0,0,0,2,0,0.00,0.05,0.05,0.00,0.05
Hamadi Al Ghaddioui,ma MAR,FW,SC Freiburg II,32,1990,36,24,"2,135",23.7,4,1,5,4,0,0,7,1,0.17,0.04,0.21,0.17,0.21
Darius Ghindovean,ro ROU,MF,Preußen Münster,21,2001,8,0,204,2.3,0,0,0,0,0,0,2,0,0.00,0.00,0.00,0.00,0.00
Daniel Ginczek,de GER,FW,MSV Duisburg,32,1991,14,12,844,9.4,2,1,3,2,0,0,1,0,0.21,0.11,0.32,0.21,0.32
Edvinas Girdvainis,lt LTU,DF,Sandhausen,30,1993,6,5,428,4.8,0,0,0,0,0,0,3,0,0.00,0.00,0.00,0.00,0.00
Benjamin Girth,de GER,"FW,DF",MSV Duisburg,31,1992,16,9,712,7.9,3,0,3,3,0,0,3,0,0.38,0.00,0.38,0.38,0.38
Michael Glück,at AUT,DF,1860 Munich,20,2003,25,18,"1,672",18.6,0,0,0,0,0,0,8,1,0.00,0.00,0.00,0.00,0.00
Patrick Göbel,de GER,DF,Dortmund II,30,1993,24,17,"1,620",18.0,1,3,4,1,0,0,5,1,0.06,0.17,0.22,0.06,0.22
Kevin Goden,de GER,"MF,FW",SV Waldhof,24,1999,8,5,415,4.6,1,1,2,1,0,0,0,0,0.22,0.22,0.43,0.22,0.43
Gerrit Gohlke,de GER,DF,Arminia,24,1999,19,10,896,10.0,2,0,2,2,0,0,6,0,0.20,0.00,0.20,0.20,0.20
Jakob Golz,de GER,GK,Rot-Weiss Essen,24,1998,36,36,"3,240",36.0,0,0,0,0,0,0,0,0,0.00,0.00,0.00,0.00,0.00
,,,,,,,,,,,,,,,,,,,,,,
Felix Göttlicher,de GER,DF,Sandhausen,21,2002,12,11,864,9.6,1,0,1,1,0,0,4,1,0.10,0.00,0.10,0.10,0.10
Felix Götze,de GER,DF,Rot-Weiss Essen,25,1998,31,29,"2,596",28.8,1,0,1,1,0,0,12,1,0.03,0.00,0.03,0.03,0.03
Minos Gouras,de GER,MF,SV Waldhof,25,1998,25,13,"1,061",11.8,1,3,4,1,0,0,4,0,0.08,0.25,0.34,0.08,0.34
Tarik Gözüsirin,de GER,MF,Lübeck,21,2001,33,27,"2,303",25.6,4,6,10,2,2,2,3,0,0.16,0.23,0.39,0.08,0.31
Jannik Graf,de GER,FW,Jahn R'burg,18,2004,6,0,98,1.1,0,0,0,0,0,0,0,0,0.00,0.00,0.00,0.00,0.00
Christoph Greger,de GER,DF,Viktoria Köln,26,1997,26,20,"1,754",19.5,0,0,0,0,0,0,3,1,0.00,0.00,0.00,0.00,0.00
Patrick Greil,at AUT,MF,Sandhausen,26,1996,17,16,"1,352",15.0,7,2,9,7,0,0,4,0,0.47,0.13,0.60,0.47,0.60
Fabian Greilinger,de GER,DF,1860 Munich,22,2000,30,22,"2,095",23.3,0,2,2,0,0,0,5,0,0.00,0.09,0.09,0.00,0.09
Leonard Grob,de GER,FW,Unterhaching,20,2002,1,0,1,0.0,0,0,0,0,0,0,0,0,0.00,0.00,0.00,0.00,0.00
Joel Grodowski,de GER,FW,Preußen Münster,25,1997,36,30,"2,588",28.8,17,3,20,15,2,2,4,0,0.59,0.10,0.70,0.52,0.63
Maximilian Großer,de GER,DF,Arminia,22,2001,26,26,"2,313",25.7,1,1,2,1,0,0,4,1,0.04,0.04,0.08,0.04,0.08
Dennis Grote,de GER,MF,Preußen Münster,36,1986,3,0,11,0.1,0,0,0,0,0,0,0,0,0.00,0.00,0.00,0.00,0.00
Fabio Gruber,de GER,DF,Verl,20,2002,18,15,"1,303",14.5,0,0,0,0,0,0,3,0,0.00,0.00,0.00,0.00,0.00
Tommy Grupe,de GER,DF,Lübeck,31,1992,20,15,"1,400",15.6,0,1,1,0,0,0,2,0,0.00,0.06,0.06,0.00,0.06
Sebastian Grønning,dk DEN,FW,Ingolstadt 04,26,1997,15,7,654,7.3,8,1,9,8,0,0,1,0,1.10,0.14,1.24,1.10,1.24
Serhat Güler,de GER,FW,1860 Munich,26,1997,7,0,112,1.2,0,0,0,0,0,0,0,0,0.00,0.00,0.00,0.00,0.00
Christian Günter,de GER,MF,SC Freiburg II,30,1993,1,1,90,1.0,0,0,0,0,0,0,0,0,0.00,0.00,0.00,0.00,0.00
Julian Günther-Schmidt,de GER,"MF,FW",Saarbrücken,28,1994,34,12,"1,537",17.1,0,3,3,0,0,0,2,0,0.00,0.18,0.18,0.00,0.18
Julian Guttau,de GER,"MF,FW",1860 Munich,23,1999,34,31,"2,680",29.8,7,4,11,7,0,0,4,0,0.24,0.13,0.37,0.24,0.37
Leon Guwara,gm GAM,"DF,MF",Ingolstadt 04,27,1996,22,14,"1,138",12.6,0,1,1,0,0,0,1,0,0.00,0.08,0.08,0.00,0.08
Gideon Guzy,de GER,MF,Verl,20,2003,2,0,40,0.4,0,0,0,0,0,0,0,0,0.00,0.00,0.00,0.00,0.00
Alexander Hahn,de GER,DF,Preußen Münster,30,1993,20,18,"1,624",18.0,1,0,1,1,0,0,5,0,0.06,0.00,0.06,0.06,0.06
Lucas Halangk,de GER,DF,Hallescher,19,2003,23,10,"1,073",11.9,0,2,2,0,0,0,5,0,0.00,0.17,0.17,0.00,0.17
Besar Halimi,xk KVX,"MF,FW",Hallescher,28,1994,22,17,"1,324",14.7,4,3,7,4,0,0,5,0,0.27,0.20,0.48,0.27,0.48
Simon Handle,at AUT,"MF,DF",Viktoria Köln,30,1993,36,24,"2,207",24.5,3,2,5,3,0,0,4,0,0.12,0.08,0.20,0.12,0.20
,,,,,,,,,,,,,,,,,,,,,,
Omer Hanin,il ISR,GK,SV Waldhof,25,1998,8,8,720,8.0,0,0,0,0,0,0,2,0,0.00,0.00,0.00,0.00,0.00
Moritz Hannemann,de GER,MF,Ulm,25,1998,5,0,53,0.6,1,1,2,1,0,0,0,0,1.70,1.70,3.40,1.70,3.40
Tim Hannemann,de GER,DF,Unterhaching,17,2006,2,0,28,0.3,0,0,0,0,0,0,0,0,0.00,0.00,0.00,0.00,0.00
Cedric Harenbrock,de GER,MF,Rot-Weiss Essen,25,1998,37,33,"2,880",32.0,8,4,12,8,0,0,2,0,0.25,0.12,0.37,0.25,0.37
Patrick Hasenhüttl,at AUT,FW,Hallescher,26,1997,14,0,188,2.1,0,0,0,0,0,0,0,0,0.00,0.00,0.00,0.00,0.00
Marius Hauptmann,de GER,"MF,DF",Lübeck,23,1999,33,28,"2,467",27.4,2,2,4,2,0,0,3,0,0.07,0.07,0.15,0.07,0.15
Niklas Hauptmann,de GER,MF,Dresden,27,1996,37,37,"3,109",34.5,7,6,13,7,0,0,6,0,0.20,0.17,0.38,0.20,0.38
Jalen Hawkins,de GER,"MF,FW",SV Waldhof,22,2001,34,22,"1,805",20.1,4,2,6,4,0,0,4,0,0.20,0.10,0.30,0.20,0.30
Lucien Hawryluk,de GER,GK,SV Waldhof,22,2000,20,18,"1,686",18.7,0,0,0,0,0,0,0,0,0.00,0.00,0.00,0.00,0.00
Konstantin Heide,de GER,GK,Unterhaching,17,2006,3,2,195,2.2,0,0,0,0,0,0,0,0,0.00,0.00,0.00,0.00,0.00
Ogechika Heil,de GER,MF,Preußen Münster,22,2000,1,0,8,0.1,0,0,0,0,0,0,0,0,0.00,0.00,0.00,0.00,0.00
Bryan Hein,de GER,"DF,MF",Jahn R'burg,21,2001,29,7,900,10.0,0,0,0,0,0,0,3,0,0.00,0.00,0.00,0.00,0.00
Bryan Henning,de GER,MF,Viktoria Köln,28,1995,12,12,927,10.3,1,1,2,1,0,0,1,0,0.10,0.10,0.19,0.10,0.19
Rouwen Hennings,de GER,"MF,FW",Sandhausen,35,1987,14,11,825,9.2,6,1,7,5,1,2,2,0,0.65,0.11,0.76,0.55,0.65
Erik Herrmann,de GER,GK,Dresden,18,2004,1,0,3,0.0,0,0,0,0,0,0,0,0,0.00,0.00,0.00,0.00,0.00
Jesaja Herrmann,de GER,"FW,MF",SV Waldhof,23,2000,21,7,793,8.8,3,2,5,3,0,0,1,0,0.34,0.23,0.57,0.34,0.57
Luca Herrmann,de GER,MF,Dresden,24,1999,38,31,"2,542",28.2,2,1,3,2,0,0,3,0,0.07,0.04,0.11,0.07,0.11
Aaron Herzog,de GER,MF,Lübeck,25,1998,6,5,337,3.7,2,0,2,1,1,1,1,0,0.53,0.00,0.53,0.27,0.27
Julian Hettwer,de GER,"FW,MF",Dortmund II,20,2003,36,33,"2,715",30.2,7,7,14,7,0,0,3,1,0.23,0.23,0.46,0.23,0.46
Finn Hetzsch,de GER,FW,Erzgebirge Aue,19,2004,4,0,56,0.6,0,0,0,0,0,0,0,0,0.00,0.00,0.00,0.00,0.00
Felix Higl,de GER,FW,Ulm,26,1997,34,27,"2,215",24.6,7,2,9,6,1,1,5,0,0.28,0.08,0.37,0.24,0.33
Marco Hiller,de GER,GK,1860 Munich,26,1997,27,27,"2,430",27.0,0,0,0,0,0,0,3,0,0.00,0.00,0.00,0.00,0.00
Andreas Hirtlreiter,de GER,FW,Unterhaching,20,2003,5,0,11,0.1,0,0,0,0,0,0,0,0,0.00,0.00,0.00,0.00,0.00
Patrick Hobsch,de GER,FW,Unterhaching,28,1994,38,35,"2,987",33.2,13,0,13,10,3,5,4,0,0.39,0.00,0.39,0.30,0.30
Tim Hoops,de GER,DF,Unterhaching,18,2005,3,3,197,2.2,0,0,0,0,0,0,0,0,0.00,0.00,0.00,0.00,0.00
,,,,,,,,,,,,,,,,,,,,,,
Sebastian Hornung,de GER,GK,SC Freiburg II,22,2001,2,2,180,2.0,0,0,0,0,0,0,0,0,0.00,0.00,0.00,0.00,0.00
Eric Hottmann,de GER,"MF,FW",Jahn R'burg,23,2000,14,2,357,4.0,1,1,2,1,0,0,1,0,0.25,0.25,0.50,0.25,0.50
Kimmo Hovi,fi FIN,"FW,MF",Lübeck,29,1994,1,0,14,0.2,0,0,0,0,0,0,0,0,0.00,0.00,0.00,0.00,0.00
Nico Hug,de GER,"DF,MF",Hallescher,24,1998,27,22,"1,890",21.0,0,0,0,0,0,0,6,0,0.00,0.00,0.00,0.00,0.00
Jonah Husseck,de GER,DF,Dortmund II,19,2004,1,0,27,0.3,0,0,0,0,0,0,0,0,0.00,0.00,0.00,0.00,0.00
Elias Huth,de GER,FW,Jahn R'burg,26,1997,35,13,"1,368",15.2,7,0,7,5,2,2,5,0,0.46,0.00,0.46,0.33,0.33
Thomas Idel,de GER,MF,Viktoria Köln,23,2000,10,2,282,3.1,0,0,0,0,0,0,1,0,0.00,0.00,0.00,0.00,0.00
Kaan Inanoğlu,tr TUR,FW,MSV Duisburg,17,2005,6,2,199,2.2,0,0,0,0,0,0,0,0,0.00,0.00,0.00,0.00,0.00
Kilian Jakob,de GER,DF,Erzgebirge Aue,25,1998,31,25,"2,230",24.8,1,3,4,1,0,0,6,0,0.04,0.12,0.16,0.04,0.16
Caspar Jander,de GER,MF,MSV Duisburg,20,2003,21,21,"1,709",19.0,1,2,3,1,0,0,6,0,0.05,0.11,0.16,0.05,0.16
Nicolas Jann,de GER,"FW,MF",Ulm,31,1992,38,11,"1,284",14.3,1,4,5,0,1,1,5,0,0.07,0.28,0.35,0.00,0.28
Laurent Jans,lu LUX,"DF,MF",SV Waldhof,30,1992,30,26,"2,373",26.4,2,2,4,2,0,0,7,1,0.08,0.08,0.15,0.08,0.15
Jaaso Jantunen,fi FIN,GK,SC Freiburg II,18,2005,6,6,540,6.0,0,0,0,0,0,0,0,0,0.00,0.00,0.00,0.00,0.00
Lenn Jastremski,de GER,FW,Ulm,22,2001,1,0,2,0.0,0,0,0,0,0,0,0,0,0.00,0.00,0.00,0.00,0.00
Jermain,ao ANG,FW,Dortmund II,20,2003,12,1,266,3.0,0,0,0,0,0,0,0,0,0.00,0.00,0.00,0.00,0.00
Lee Jihan,kr KOR,FW,SC Freiburg II,20,2003,13,1,219,2.4,0,0,0,0,0,0,0,0,0.00,0.00,0.00,0.00,0.00
Ryan Johansson,ie IRL,"MF,FW",SC Freiburg II,22,2001,27,25,"2,098",23.3,2,3,5,2,0,0,2,0,0.09,0.13,0.21,0.09,0.21
Henry Jon Crosthwaite,de GER,"FW,MF",Hallescher,20,2002,13,4,495,5.5,1,1,2,1,0,0,1,0,0.18,0.18,0.36,0.18,0.36
Nils Kaiser,de GER,"DF,MF",Rot-Weiss Essen,21,2002,22,8,838,9.3,1,3,4,1,0,0,2,0,0.11,0.32,0.43,0.11,0.43
William Kallenbach,de GER,MF,Erzgebirge Aue,17,2005,2,1,49,0.5,0,0,0,0,0,0,0,0,0.00,0.00,0.00,0.00,0.00
Abdoulaye Kamara,gn GUI,MF,Dortmund II,18,2004,13,4,346,3.8,0,0,0,0,0,0,3,0,0.00,0.00,0.00,0.00,0.00
Patrick Kammerbauer,de GER,MF,Verl,26,1997,28,8,840,9.3,0,2,2,0,0,0,3,0,0.00,0.21,0.21,0.00,0.21
Claudio Kammerknecht,lk SRI,DF,Dresden,24,1999,37,37,"3,241",36.0,2,3,5,2,0,0,5,1,0.06,0.08,0.14,0.06,0.14
Benjamin Kanuric,at AUT,"MF,FW",Ingolstadt 04,20,2003,35,25,"2,036",22.6,6,3,9,6,0,0,8,0,0.27,0.13,0.40,0.27,0.40
Malte Karbstein,de GER,DF,SV Waldhof,25,1998,27,22,"1,940",21.6,3,1,4,3,0,0,7,2,0.14,0.05,0.19,0.14,0.19
,,,,,,,,,,,,,,,,,,,,,,
Thomas Kastanaras,gr GRE,"FW,MF",Ulm,20,2003,16,3,403,4.5,3,0,3,3,0,0,0,0,0.67,0.00,0.67,0.67,0.67
Niklas Kastenhofer,de GER,DF,Lübeck,24,1999,14,11,"1,009",11.2,1,0,1,1,0,0,1,0,0.09,0.00,0.09,0.09,0.09
Nick Kaulfers,de GER,MF,Unterhaching,15,2008,1,0,2,0.0,0,0,0,0,0,0,0,0,0.00,0.00,0.00,0.00,0.00
Bryang Kayo,us USA,MF,Ingolstadt 04,21,2002,23,12,"1,156",12.8,1,0,1,1,0,0,5,1,0.08,0.00,0.08,0.08,0.08
Felix Keidel,de GER,MF,Ingolstadt 04,20,2003,33,23,"2,058",22.9,1,1,2,1,0,0,4,0,0.04,0.04,0.09,0.04,0.09
Aaron Keller,de GER,MF,Unterhaching,19,2004,37,30,"2,531",28.1,9,2,11,9,0,0,7,0,0.32,0.07,0.39,0.32,0.39
Luca Kerber,de GER,MF,Saarbrücken,21,2002,34,33,"2,787",31.0,7,4,11,7,0,0,6,1,0.23,0.13,0.36,0.23,0.36
Florian Kirschke,de GER,GK,Lübeck,31,1992,1,1,90,1.0,0,0,0,0,0,0,0,0,0.00,0.00,0.00,0.00,0.00
Daniel Klein,de GER,GK,Sandhausen,22,2001,4,3,288,3.2,0,0,0,0,0,0,0,0,0.00,0.00,0.00,0.00,0.00
Philipp Klewin,de GER,GK,Lübeck,29,1993,33,33,"2,970",33.0,0,1,1,0,0,0,3,0,0.00,0.03,0.03,0.00,0.03
Fabian Klos,de GER,FW,Arminia,35,1987,37,29,"2,624",29.2,10,4,14,10,0,1,6,0,0.34,0.14,0.48,0.34,0.48
Tim Kloss,de GER,DF,1860 Munich,19,2004,4,0,59,0.7,1,0,1,1,0,0,0,0,1.53,0.00,1.53,1.53,1.53
Lukas Klünter,de GER,DF,SV Waldhof,27,1996,14,14,"1,260",14.0,0,0,0,0,0,0,5,0,0.00,0.00,0.00,0.00,0.00
Davino Knappe,de GER,"MF,FW",SC Freiburg II,20,2003,7,3,265,2.9,0,1,1,0,0,0,1,0,0.00,0.34,0.34,0.00,0.34
Tim Knipping,de GER,DF,Sandhausen,30,1992,23,20,"1,812",20.1,0,0,0,0,0,0,6,0,0.00,0.00,0.00,0.00,0.00
Marvin Knoll,de GER,DF,MSV Duisburg,32,1990,31,27,"2,505",27.8,1,1,2,1,0,0,4,0,0.04,0.04,0.07,0.04,0.07
Tobias Knost,ke KEN,DF,Verl,23,2000,16,7,639,7.1,0,0,0,0,0,0,4,0,0.00,0.00,0.00,0.00,0.00
Martin Kobylański,pl POL,"MF,FW",SV Waldhof,29,1994,14,10,812,9.0,3,1,4,3,0,0,0,0,0.33,0.11,0.44,0.33,0.44
Henrik Koch,de GER,DF,Arminia,16,2006,7,0,108,1.2,0,0,0,0,0,0,2,1,0.00,0.00,0.00,0.00,0.00
Thomas Kok,nl NED,DF,Preußen Münster,25,1998,14,13,"1,110",12.3,0,0,0,0,0,0,2,2,0.00,0.00,0.00,0.00,0.00
Niklas Kölle,de GER,"MF,DF",MSV Duisburg,23,1999,26,25,"2,096",23.3,5,2,7,5,0,0,1,0,0.21,0.09,0.30,0.21,0.30
Robin Kölle,de GER,DF,Lübeck,22,2001,1,0,21,0.2,0,0,0,0,0,0,0,0,0.00,0.00,0.00,0.00,0.00
Phillip König,de GER,FW,MSV Duisburg,23,2000,7,1,158,1.8,0,0,0,0,0,0,0,0,0.00,0.00,0.00,0.00,0.00
Timo Königsmann,de GER,GK,Sandhausen,26,1997,1,1,90,1.0,0,0,0,0,0,0,0,0,0.00,0.00,0.00,0.00,0.00
David Kopacz,pl POL,MF,Ingolstadt 04,24,1999,34,27,"2,456",27.3,7,7,14,7,0,0,9,0,0.26,0.26,0.51,0.26,0.51
,,,,,,,,,,,,,,,,,,,,,,
Pascal Köpke,de GER,"MF,FW",MSV Duisburg,27,1995,7,4,357,4.0,0,0,0,0,0,0,0,0,0.00,0.00,0.00,0.00,0.00
Patrick Koronkiewicz,de GER,"MF,DF",Viktoria Köln,32,1991,32,26,"2,304",25.6,4,3,7,4,0,1,4,0,0.16,0.12,0.27,0.16,0.27
Dominik Kother,de GER,MF,Jahn R'burg,23,2000,37,31,"2,614",29.0,10,9,19,10,0,0,9,0,0.34,0.31,0.65,0.34,0.65
Tim Köther,de GER,"DF,MF",MSV Duisburg,22,2001,28,17,"1,655",18.4,1,2,3,1,0,0,2,0,0.05,0.11,0.16,0.05,0.16
Niko Koulis,de GER,DF,Preußen Münster,24,1999,36,35,"3,183",35.4,6,1,7,6,0,0,10,0,0.17,0.03,0.20,0.17,0.20
Mustafa Kourouma,de GER,DF,Rot-Weiss Essen,20,2003,16,10,946,10.5,1,0,1,1,0,0,3,0,0.10,0.00,0.10,0.10,0.10
Maurice Krattenmacher,de GER,"MF,FW",Unterhaching,17,2005,33,19,"1,921",21.3,1,7,8,1,0,1,4,0,0.05,0.33,0.37,0.05,0.37
Tobias Kraulich,de GER,DF,Dresden,24,1999,13,13,"1,117",12.4,0,0,0,0,0,0,0,0,0.00,0.00,0.00,0.00,0.00
Niklas Kreuzer,de GER,DF,Hallescher,30,1993,14,4,510,5.7,0,2,2,0,0,0,1,0,0.00,0.35,0.35,0.00,0.35
Danylo Krevsun,ua UKR,MF,Dortmund II,18,2005,1,0,6,0.1,0,0,0,0,0,0,0,0,0.00,0.00,0.00,0.00,0.00
Jeroen Krupa,de GER,FW,Ingolstadt 04,20,2003,2,0,13,0.1,0,0,0,0,0,0,0,0,0.00,0.00,0.00,0.00,0.00
David Kubatta,de GER,DF,Viktoria Köln,19,2003,13,6,514,5.7,1,0,1,1,0,0,0,0,0.18,0.00,0.18,0.18,0.18
Julian Kudala,de GER,MF,Ulm,21,2002,4,0,48,0.5,0,0,0,0,0,0,0,0,0.00,0.00,0.00,0.00,0.00
Julian Kügel,de GER,"FW,MF",Ingolstadt 04,26,1997,27,8,931,10.3,2,4,6,2,0,0,2,1,0.19,0.39,0.58,0.19,0.58
Kaan Kurt,de GER,DF,1860 Munich,21,2001,13,11,870,9.7,0,0,0,0,0,0,3,0,0.00,0.00,0.00,0.00,0.00
Stefan Kutschke,de GER,FW,Dresden,34,1988,37,35,"2,759",30.7,14,2,16,10,4,4,8,0,0.46,0.07,0.52,0.33,0.39
Leroy Kwadwo,de GER,DF,1860 Munich,26,1996,32,28,"2,529",28.1,1,0,1,1,0,0,8,2,0.04,0.00,0.04,0.04,0.04
Daniel Kyerewaa,de GER,"MF,FW",Preußen Münster,22,2001,33,24,"2,051",22.8,2,2,4,2,0,0,3,0,0.09,0.09,0.18,0.09,0.18
Park Kyuhyun,kr KOR,DF,Dresden,22,2001,19,18,"1,393",15.5,0,0,0,0,0,0,5,0,0.00,0.00,0.00,0.00,0.00
Fynn-Luca Lakenmacher,de GER,FW,1860 Munich,23,2000,35,23,"2,054",22.8,5,2,7,5,0,0,4,0,0.22,0.09,0.31,0.22,0.31
Max Lamby,de GER,DF,Unterhaching,20,2003,17,13,"1,018",11.3,0,1,1,0,0,0,8,0,0.00,0.09,0.09,0.00,0.09
Niklas Landgraf,de GER,DF,Hallescher,27,1996,25,24,"2,164",24.0,1,0,1,1,0,0,5,0,0.04,0.00,0.04,0.04,0.04
Niklas Lang,bb BRB,DF,SC Freiburg II,21,2002,13,12,"1,084",12.0,0,0,0,0,0,0,2,1,0.00,0.00,0.00,0.00,0.00
Niklas Lang,bb BRB,"DF,MF",1860 Munich,21,2002,14,9,806,9.0,1,0,1,1,0,0,7,0,0.11,0.00,0.11,0.11,0.11
Christopher Lannert,de GER,DF,Arminia,25,1998,37,37,"3,236",36.0,0,7,7,0,0,0,7,0,0.00,0.19,0.19,0.00,0.19
,,,,,,,,,,,,,,,,,,,,,,
Lucas Laux,de GER,DF,Sandhausen,20,2002,1,1,82,0.9,0,0,0,0,0,0,1,0,0.00,0.00,0.00,0.00,0.00
Mika Lehnfeld,de GER,FW,Lübeck,17,2005,1,0,28,0.3,1,1,2,1,0,0,0,0,3.21,3.21,6.43,3.21,6.43
Jakob Lemmer,de GER,"FW,MF",Dresden,23,2000,36,23,"2,190",24.3,7,4,11,7,0,0,6,1,0.29,0.16,0.45,0.29,0.45
Alexander Leuthard,de GER,FW,Unterhaching,17,2006,7,0,61,0.7,0,0,0,0,0,0,0,0,0.00,0.00,0.00,0.00,0.00
Jakob Lewald,de GER,DF,Dresden,24,1999,37,37,"3,314",36.8,0,2,2,0,0,0,7,0,0.00,0.05,0.05,0.00,0.05
Patrick Lienhard,de GER,"MF,FW",SC Freiburg II,31,1992,28,16,"1,330",14.8,3,1,4,3,0,0,6,0,0.20,0.07,0.27,0.20,0.27
Max Lippert,de GER,MF,Arminia,17,2006,1,0,15,0.2,0,0,0,0,0,0,0,0,0.00,0.00,0.00,0.00,0.00
Arian Llugiqi,xk KVX,FW,Ingolstadt 04,20,2002,12,0,228,2.5,0,0,0,0,0,0,0,0,0.00,0.00,0.00,0.00,0.00
Per Lockl,de GER,MF,SV Waldhof,22,2001,16,11,953,10.6,0,2,2,0,0,0,4,0,0.00,0.19,0.19,0.00,0.19
Enrique Lofalomo,de GER,"DF,MF",Hallescher,23,2000,25,22,"1,926",21.4,3,2,5,3,0,0,12,2,0.14,0.09,0.23,0.14,0.23
Jannik Löhden,de GER,DF,Lübeck,34,1989,30,24,"2,168",24.1,2,0,2,2,0,0,7,1,0.08,0.00,0.08,0.08,0.08
Lars Lokotsch,de GER,FW,Verl,27,1996,37,32,"2,809",31.2,14,3,17,14,0,0,4,0,0.45,0.10,0.54,0.45,0.54
Jeremias Lorch,de GER,"DF,MF",Viktoria Köln,27,1995,35,29,"2,562",28.5,3,4,7,3,0,0,4,0,0.11,0.14,0.25,0.11,0.25
Louis Lord,de GER,GK,Erzgebirge Aue,19,2003,1,1,90,1.0,0,0,0,0,0,0,0,0,0.00,0.00,0.00,0.00,0.00
Marc Lorenz,de GER,"MF,DF",Preußen Münster,35,1988,30,20,"1,822",20.2,3,8,11,2,1,1,3,0,0.15,0.40,0.54,0.10,0.49
Simon Lorenz,de GER,DF,Ingolstadt 04,26,1997,36,34,"3,045",33.8,1,0,1,1,0,0,8,0,0.03,0.00,0.03,0.03,0.03
Marcel Lotka,pl POL,GK,Dortmund II,22,2001,28,28,"2,519",28.0,0,0,0,0,0,0,1,1,0.00,0.00,0.00,0.00,0.00
Kilian Ludewig,de GER,"DF,MF",1860 Munich,23,2000,24,18,"1,576",17.5,0,1,1,0,0,0,1,0,0.00,0.06,0.06,0.00,0.06
Andreas Ludwig,de GER,MF,Ulm,32,1990,22,6,670,7.4,2,0,2,2,0,0,2,0,0.27,0.00,0.27,0.27,0.27
Justin Lukas,de GER,MF,Arminia,17,2006,1,0,15,0.2,0,0,0,0,0,0,0,0,0.00,0.00,0.00,0.00,0.00
Alexander Lungwitz,de GER,"DF,MF",SC Freiburg II,22,2000,27,18,"1,546",17.2,1,1,2,1,0,0,0,0,0.06,0.06,0.12,0.06,0.12
Dennis Lütke-Frie,de GER,DF,Dortmund II,20,2003,5,0,14,0.2,0,0,0,0,0,0,0,0,0.00,0.00,0.00,0.00,0.00
Yann Mabella,cg CGO,FW,SV Waldhof,27,1996,4,0,78,0.9,0,0,0,0,0,0,1,0,0.00,0.00,0.00,0.00,0.00
Tim Maciejewski,de GER,"MF,FW",Sandhausen,22,2001,23,10,"1,078",12.0,4,3,7,4,0,0,3,0,0.33,0.25,0.58,0.33,0.58
Laurin Mack,de GER,GK,SC Freiburg II,19,2003,1,0,8,0.1,0,0,0,0,0,0,0,0,0.00,0.00,0.00,0.00,0.00
,,,,,,,,,,,,,,,,,,,,,,
Sebastian Mai,de GER,"DF,FW",MSV Duisburg,29,1993,19,18,"1,615",17.9,4,1,5,4,0,0,7,1,0.22,0.06,0.28,0.22,0.28
Philipp Maier,de GER,MF,Ulm,29,1994,33,31,"2,711",30.1,6,2,8,6,0,0,11,0,0.20,0.07,0.27,0.20,0.27
Sebastian Maier,de GER,MF,Unterhaching,29,1993,28,23,"1,878",20.9,2,5,7,2,0,0,6,0,0.10,0.24,0.34,0.10,0.34
Erik Majetschak,de GER,"DF,MF",Erzgebirge Aue,23,2000,32,22,"2,110",23.4,3,1,4,3,0,0,3,0,0.13,0.04,0.17,0.13,0.17
Jordy Makengo,fr FRA,DF,SC Freiburg II,21,2001,6,6,488,5.4,0,0,0,0,0,0,2,0,0.00,0.00,0.00,0.00,0.00
Malek El Mala,de GER,FW,Viktoria Köln,18,2005,1,0,11,0.1,0,0,0,0,0,0,0,0,0.00,0.00,0.00,0.00,0.00
Said El Mala,de GER,"MF,FW",Viktoria Köln,16,2006,10,5,475,5.3,1,1,2,1,0,0,2,0,0.19,0.19,0.38,0.19,0.38
Ryan Malone,us USA,DF,Ingolstadt 04,30,1992,33,29,"2,520",28.0,1,2,3,1,0,0,11,0,0.04,0.07,0.11,0.04,0.11
Martin Männel,de GER,GK,Erzgebirge Aue,35,1988,37,37,"3,330",37.0,0,0,0,0,0,0,1,0,0.00,0.00,0.00,0.00,0.00
Marco Mannhardt,de GER,FW,Verl,21,2002,7,1,99,1.1,0,0,0,0,0,0,0,0,0.00,0.00,0.00,0.00,0.00
Aaron Manu,de GER,DF,Rot-Weiss Essen,23,1999,1,0,45,0.5,0,0,0,0,0,0,0,0,0.00,0.00,0.00,0.00,0.00
Johan Manzambi,ch SUI,MF,SC Freiburg II,17,2005,10,1,248,2.8,2,0,2,2,0,0,4,0,0.73,0.00,0.73,0.73,0.73
Luca Marino,de GER,MF,SC Freiburg II,18,2005,24,21,"1,828",20.3,3,0,3,3,0,0,3,0,0.15,0.00,0.15,0.15,0.15
Luca Marseiler,de GER,"FW,MF",Viktoria Köln,26,1997,32,32,"2,529",28.1,13,7,20,11,2,2,9,1,0.46,0.25,0.71,0.39,0.64
Boipelo Mashigo,za RSA,"MF,FW",Unterhaching,20,2003,18,4,455,5.1,0,0,0,0,0,0,0,0,0.00,0.00,0.00,0.00,0.00
Jannik Mause,de GER,FW,Ingolstadt 04,25,1998,33,31,"2,640",29.3,18,5,23,15,3,3,6,0,0.61,0.17,0.78,0.51,0.68
Niklas May,de GER,"MF,DF",Viktoria Köln,21,2002,23,21,"1,895",21.1,0,1,1,0,0,0,5,0,0.00,0.05,0.05,0.00,0.05
Luca de Meester,de GER,MF,Viktoria Köln,19,2004,18,5,606,6.7,2,1,3,2,0,0,0,0,0.30,0.15,0.45,0.30,0.45
Marcel Mehlem,de GER,MF,Verl,28,1995,19,2,575,6.4,0,0,0,0,0,0,5,0,0.00,0.00,0.00,0.00,0.00
Jonathan Meier,de GER,DF,Dresden,23,1999,30,16,"1,713",19.0,0,2,2,0,0,0,2,0,0.00,0.11,0.11,0.00,0.11
Richard Meier,de GER,FW,Sandhausen,19,2004,31,4,738,8.2,5,1,6,5,0,0,3,0,0.61,0.12,0.73,0.61,0.73
Robin Meißner,de GER,"FW,MF",Dresden,23,1999,29,9,"1,112",12.4,5,2,7,5,0,0,1,0,0.40,0.16,0.57,0.40,0.57
Tony Menzel,de GER,MF,Dresden,18,2005,4,0,49,0.5,0,0,0,0,0,0,0,0,0.00,0.00,0.00,0.00,0.00
Daniel Mesenhöler,de GER,GK,Dresden,28,1995,1,1,90,1.0,0,0,0,0,0,0,0,0,0.00,0.00,0.00,0.00,0.00
Steffen Meuer,de GER,"MF,FW",Erzgebirge Aue,23,1999,36,10,"1,391",15.5,2,4,6,2,0,0,4,0,0.13,0.26,0.39,0.13,0.39
,,,,,,,,,,,,,,,,,,,,,,
Thomas Meunier,be BEL,DF,Dortmund II,31,1991,1,1,59,0.7,0,0,0,0,0,0,0,0,0.00,0.00,0.00,0.00,0.00
Max Meyer,de GER,FW,Jahn R'burg,16,2006,4,0,87,1.0,0,0,0,0,0,0,0,0,0.00,0.00,0.00,0.00,0.00
Falko Michel,de GER,"MF,FW",Dortmund II,22,2001,31,20,"1,774",19.7,3,2,5,2,1,1,8,1,0.15,0.10,0.25,0.10,0.20
Jonas Michelbrink,de GER,MF,MSV Duisburg,22,2001,26,17,"1,377",15.3,0,0,0,0,0,0,6,0,0.00,0.00,0.00,0.00,0.00
Daniel Mikic,de GER,DF,Verl,31,1992,18,14,"1,354",15.0,1,0,1,1,0,0,3,0,0.07,0.00,0.07,0.07,0.07
Hendrik Mittelstädt,de GER,FW,Verl,23,1999,14,0,189,2.1,0,0,0,0,0,0,3,0,0.00,0.00,0.00,0.00,0.00
Kaito Mizuta,jp JPN,"MF,FW",Arminia,23,2000,28,16,"1,483",16.5,5,5,10,5,0,0,3,1,0.30,0.30,0.61,0.30,0.61
Baran Mogultay,de GER,DF,MSV Duisburg,19,2004,15,13,"1,194",13.3,0,0,0,0,0,0,3,0,0.00,0.00,0.00,0.00,0.00
Monju Momuluh,de GER,"FW,MF",Arminia,21,2002,11,9,697,7.7,1,2,3,1,0,0,2,0,0.13,0.26,0.39,0.13,0.39
Mateu Morey,es ESP,DF,Dortmund II,23,2000,6,5,303,3.4,0,0,0,0,0,0,1,0,0.00,0.00,0.00,0.00,0.00
Sebastian Mrowca,pl POL,"MF,FW",Preußen Münster,29,1994,33,30,"2,451",27.2,1,5,6,1,0,0,8,0,0.04,0.18,0.22,0.04,0.22
Alexander Mühling,de GER,MF,Sandhausen,30,1992,36,35,"3,154",35.0,1,2,3,0,1,2,7,0,0.03,0.06,0.09,0.00,0.06
Robin Müller,de GER,"MF,FW",MSV Duisburg,23,2000,26,3,675,7.5,3,1,4,3,0,0,3,0,0.40,0.13,0.53,0.40,0.53
Serge Müller,ch SUI,DF,SC Freiburg II,22,2000,28,27,"2,389",26.5,0,0,0,0,0,0,1,0,0.00,0.00,0.00,0.00,0.00
Sven Müller,de GER,GK,Hallescher,27,1996,18,18,"1,620",18.0,0,0,0,0,0,0,0,0,0.00,0.00,0.00,0.00,0.00
Tom Müller,de GER,GK,Verl,25,1997,6,5,498,5.5,0,0,0,0,0,0,0,0,0.00,0.00,0.00,0.00,0.00
Vincent Müller,de GER,GK,MSV Duisburg,22,2000,34,33,"3,022",33.6,0,1,1,0,0,0,4,0,0.00,0.03,0.03,0.00,0.03
Torben Müsel,de GER,MF,Rot-Weiss Essen,24,1999,37,37,"2,984",33.2,3,2,5,3,0,0,4,0,0.09,0.06,0.15,0.09,0.15
Valdrin Mustafa,xk KVX,FW,Jahn R'burg,25,1998,10,0,181,2.0,0,1,1,0,0,0,1,0,0.00,0.50,0.50,0.00,0.50
Valdrin Mustafa,xk KVX,FW,Viktoria Köln,25,1998,12,1,228,2.5,0,1,1,0,0,0,2,0,0.00,0.39,0.39,0.00,0.39
Eliot Muteba,ao ANG,MF,1860 Munich,20,2003,6,4,234,2.6,0,0,0,0,0,0,0,0,0.00,0.00,0.00,0.00,0.00
Niclas Nadj,de GER,MF,Verl,22,2000,16,11,972,10.8,1,0,1,1,0,0,3,0,0.09,0.00,0.09,0.09,0.09
Amine Naifi,fr FRA,"FW,MF",Saarbrücken,23,1999,27,18,"1,464",16.3,5,2,7,5,0,0,6,0,0.31,0.12,0.43,0.31,0.43
Suheyel Najar,tn TUN,"MF,FW",Viktoria Köln,27,1995,19,4,615,6.8,1,0,1,1,0,0,0,0,0.15,0.00,0.15,0.15,0.15
Abdenego Nankishi,de GER,MF,1860 Munich,21,2002,11,6,475,5.3,1,0,1,1,0,0,3,0,0.19,0.00,0.19,0.19,0.19
,,,,,,,,,,,,,,,,,,,,,,
Donald Nduka,ng NGA,DF,Ingolstadt 04,20,2003,7,0,162,1.8,0,0,0,0,0,0,0,0,0.00,0.00,0.00,0.00,0.00
Richard Neudecker,de GER,"MF,FW",Saarbrücken,26,1996,11,4,407,4.5,1,0,1,1,0,0,1,0,0.22,0.00,0.22,0.22,0.22
Jonas Nietfeld,de GER,"DF,MF",Hallescher,29,1994,37,31,"2,731",30.3,5,1,6,2,3,4,5,0,0.16,0.03,0.20,0.07,0.10
Steffen Nkansah,de GER,DF,Erzgebirge Aue,27,1996,12,10,902,10.0,1,0,1,1,0,0,2,0,0.10,0.00,0.10,0.10,0.10
Timon Obermeier,de GER,DF,Unterhaching,20,2003,5,2,147,1.6,0,0,0,0,0,0,0,0,0.00,0.00,0.00,0.00,0.00
Marvin Obuz,de GER,MF,Rot-Weiss Essen,21,2002,34,31,"2,689",29.9,7,9,16,7,0,1,0,0,0.23,0.30,0.54,0.23,0.54
Nico Ochojski,de GER,DF,Verl,24,1999,36,36,"3,029",33.7,2,2,4,2,0,0,5,0,0.06,0.06,0.12,0.06,0.12
Jonas Oehmichen,de GER,MF,Dresden,19,2004,15,2,236,2.6,0,2,2,0,0,0,0,0,0.00,0.76,0.76,0.00,0.76
Ifechukwu Ogbus,ch SUI,DF,SC Freiburg II,17,2005,9,6,485,5.4,0,0,0,0,0,0,2,0,0.00,0.00,0.00,0.00,0.00
Kennedy Okpala,de GER,FW,SV Waldhof,18,2004,23,8,"1,016",11.3,5,1,6,5,0,0,3,0,0.44,0.09,0.53,0.44,0.53
Kelvin Onuigwe,de GER,FW,Jahn R'burg,19,2003,1,0,7,0.1,0,0,0,0,0,0,0,0,0.00,0.00,0.00,0.00,0.00
Leo Oppermann,de GER,GK,Arminia,21,2001,1,1,90,1.0,0,0,0,0,0,0,0,0,0.00,0.00,0.00,0.00,0.00
Louis Oppie,de GER,DF,Arminia,21,2002,34,29,"2,668",29.6,4,2,6,4,0,0,5,0,0.13,0.07,0.20,0.13,0.20
Christian Ortag,de GER,GK,Ulm,28,1995,36,36,"3,240",36.0,0,0,0,0,0,0,1,0,0.00,0.00,0.00,0.00,0.00
Nils Ortel,de GER,"DF,FW",Unterhaching,19,2004,11,7,601,6.7,1,1,2,1,0,0,5,0,0.15,0.15,0.30,0.15,0.30
Silas Ostrzinski,de GER,GK,Dortmund II,19,2003,8,8,720,8.0,0,0,0,0,0,0,1,0,0.00,0.00,0.00,0.00,0.00
David Otto,de GER,"FW,MF",Sandhausen,24,1999,38,28,"2,556",28.4,8,3,11,7,1,2,1,0,0.28,0.11,0.39,0.25,0.35
Lorenz Otto,de GER,GK,Ulm,22,2001,1,1,90,1.0,0,0,0,0,0,0,0,0,0.00,0.00,0.00,0.00,0.00
Yari Otto,de GER,"FW,MF",Verl,24,1999,35,19,"1,705",18.9,2,3,5,2,0,0,7,0,0.11,0.16,0.26,0.11,0.26
Moses Otuali,de GER,FW,Dortmund II,20,2002,12,1,302,3.4,1,0,1,1,0,0,0,0,0.30,0.00,0.30,0.30,0.30
Shaibou Oubeyapwa,tg TOG,MF,Preußen Münster,30,1993,17,4,509,5.7,1,2,3,1,0,0,2,0,0.18,0.35,0.53,0.18,0.53
Mansour Ouro-Tagba,tg TOG,"FW,MF",1860 Munich,19,2004,19,6,686,7.6,3,0,3,3,0,0,4,0,0.39,0.00,0.39,0.39,0.39
Can Özkan,de GER,"DF,MF",Arminia,23,1999,21,10,"1,025",11.4,0,2,2,0,0,0,1,0,0.00,0.18,0.18,0.00,0.18
Torge Paetow,de GER,DF,Verl,27,1995,36,36,"3,158",35.1,2,1,3,2,0,0,8,1,0.06,0.03,0.09,0.06,0.09
Antonios Papadopoulos,de GER,DF,Dortmund II,23,1999,17,17,"1,463",16.3,2,1,3,2,0,0,9,0,0.12,0.06,0.18,0.12,0.18
,,,,,,,,,,,,,,,,,,,,,,
Tim Paterok,de GER,GK,Saarbrücken,30,1992,15,14,"1,262",14.0,0,0,0,0,0,0,0,0,0.00,0.00,0.00,0.00,0.00
Herbert Paul,de GER,DF,Ingolstadt 04,29,1994,1,0,21,0.2,0,0,0,0,0,0,0,0,0.00,0.00,0.00,0.00,0.00
Gabriel Pellegrino,ca CAN,MF,SC Freiburg II,19,2004,7,0,274,3.0,1,0,1,1,0,0,0,0,0.33,0.00,0.33,0.33,0.33
Mirnes Pepić,me MNE,MF,Erzgebirge Aue,27,1995,37,37,"3,255",36.2,3,3,6,2,1,1,4,0,0.08,0.08,0.17,0.06,0.14
Barne Pernot,de GER,DF,Verl,24,1999,23,13,"1,218",13.5,0,1,1,0,0,0,4,0,0.00,0.07,0.07,0.00,0.07
Franz Pfanne,de GER,"DF,MF",Dortmund II,28,1994,34,27,"2,444",27.2,1,0,1,1,0,0,11,1,0.04,0.00,0.04,0.04,0.04
David Philipp,de GER,"FW,MF",Viktoria Köln,23,2000,22,20,"1,708",19.0,4,6,10,4,0,0,4,0,0.21,0.32,0.53,0.21,0.53
Markus Pink,at AUT,"FW,MF",Sandhausen,32,1991,16,10,762,8.5,5,0,5,5,0,0,1,0,0.59,0.00,0.59,0.59,0.59
Sandro Plechaty,de GER,MF,Rot-Weiss Essen,25,1997,11,3,297,3.3,1,2,3,1,0,0,1,0,0.30,0.61,0.91,0.30,0.91
Thomas Pledl,de GER,"MF,FW",MSV Duisburg,29,1994,29,28,"2,261",25.1,1,2,3,1,0,0,4,0,0.04,0.08,0.12,0.04,0.12
Ole Pohlmann,de GER,"MF,FW",Dortmund II,22,2001,29,28,"2,419",26.9,13,9,22,7,6,6,3,0,0.48,0.33,0.82,0.26,0.60
Illia Poliakov,de GER,FW,Verl,19,2004,1,0,13,0.1,0,0,0,0,0,0,0,0,0.00,0.00,0.00,0.00,0.00
Rico Preißinger,de GER,MF,Preußen Münster,27,1996,28,16,"1,510",16.8,0,3,3,0,0,0,6,0,0.00,0.18,0.18,0.00,0.18
Bjarne Pudel,de GER,DF,Dortmund II,22,2001,16,10,909,10.1,1,0,1,1,0,0,0,0,0.10,0.00,0.10,0.10,0.10
Kolja Pusch,de GER,"MF,FW",MSV Duisburg,30,1993,20,10,919,10.2,2,1,3,2,0,0,4,0,0.20,0.10,0.29,0.20,0.29
Leandro Putaro,de GER,"MF,FW",Arminia,26,1997,25,16,"1,370",15.2,3,0,3,2,1,2,2,0,0.20,0.00,0.20,0.13,0.13
Kasim Rabihic,de GER,"MF,FW",Saarbrücken,30,1993,34,26,"2,338",26.0,7,7,14,3,4,5,6,0,0.27,0.27,0.54,0.12,0.38
Kevin Rauhut,de GER,GK,Viktoria Köln,33,1989,5,5,450,5.0,0,0,0,0,0,0,2,0,0.00,0.00,0.00,0.00,0.00
Thomas Rausch,de GER,DF,Ingolstadt 04,23,2000,2,1,39,0.4,0,0,0,0,0,0,1,0,0.00,0.00,0.00,0.00,0.00
Sören Reddemann,de GER,DF,Lübeck,27,1996,32,26,"2,316",25.7,1,0,1,1,0,0,6,0,0.04,0.00,0.04,0.04,0.04
Nikolai Rehnen,de GER,GK,Sandhausen,26,1997,34,34,"3,042",33.8,0,0,0,0,0,0,2,0,0.00,0.00,0.00,0.00,0.00
Lukas Reich,de GER,DF,1860 Munich,16,2006,4,2,199,2.2,0,0,0,0,0,0,0,0,0.00,0.00,0.00,0.00,0.00
Johannes Reichert,de GER,DF,Ulm,32,1991,34,33,"2,857",31.7,2,0,2,1,1,3,6,0,0.06,0.00,0.06,0.03,0.03
Max Reinthaler,it ITA,DF,1860 Munich,28,1995,7,6,532,5.9,0,0,0,0,0,0,1,0,0.00,0.00,0.00,0.00,0.00
Joe-Joe Richardson,us USA,MF,Sandhausen,21,2001,4,2,203,2.3,0,1,1,0,0,0,0,0,0.00,0.44,0.44,0.00,0.44
,,,,,,,,,,,,,,,,,,,,,,
David Richter,de GER,GK,1860 Munich,24,1999,11,11,990,11.0,0,0,0,0,0,0,0,0,0.00,0.00,0.00,0.00,0.00
Julian Rieckmann,de GER,MF,SV Waldhof,22,2000,34,28,"2,537",28.2,2,1,3,2,0,0,11,0,0.07,0.04,0.11,0.07,0.11
Julian Riedel,de GER,DF,SV Waldhof,31,1991,20,17,"1,441",16.0,0,0,0,0,0,0,2,1,0.00,0.00,0.00,0.00,0.00
Tim Rieder,de GER,"MF,DF",1860 Munich,29,1993,31,29,"2,671",29.7,0,0,0,0,0,0,5,0,0.00,0.00,0.00,0.00,0.00
José-Enrique Ríos Alonso,de GER,DF,Rot-Weiss Essen,22,2000,37,37,"3,330",37.0,0,2,2,0,0,0,8,0,0.00,0.05,0.05,0.00,0.05
Sascha Risch,de GER,FW,Ulm,23,2000,7,1,194,2.2,0,1,1,0,0,0,1,0,0.00,0.46,0.46,0.00,0.46
Calogero Rizzuto,de GER,"MF,DF",Saarbrücken,31,1992,30,27,"2,255",25.1,2,6,8,1,1,1,13,3,0.08,0.24,0.32,0.04,0.28
Franz Roggow,de GER,MF,Dortmund II,21,2002,35,26,"2,450",27.2,3,3,6,3,0,1,7,0,0.11,0.11,0.22,0.11,0.22
Romario Rösch,de GER,MF,Ulm,24,1999,36,36,"2,978",33.1,1,6,7,0,1,1,11,1,0.03,0.18,0.21,0.00,0.18
Max Rosenfelder,de GER,DF,SC Freiburg II,20,2003,3,1,158,1.8,0,0,0,0,0,0,0,0,0.00,0.00,0.00,0.00,0.00
Linus Rosenlöcher,de GER,DF,Erzgebirge Aue,22,2000,18,13,"1,212",13.5,0,0,0,0,0,0,1,0,0.00,0.00,0.00,0.00,0.00
Lucas Röser,de GER,FW,Ulm,29,1993,32,9,896,10.0,4,1,5,4,0,0,3,0,0.40,0.10,0.50,0.40,0.50
Björn Rother,de GER,MF,Rot-Weiss Essen,27,1996,18,2,409,4.5,0,1,1,0,0,0,0,1,0.00,0.22,0.22,0.00,0.22
Morten Rüdiger,de GER,"DF,MF",Lübeck,28,1995,10,8,683,7.6,0,0,0,0,0,0,5,1,0.00,0.00,0.00,0.00,0.00
Fabian Rüdlin,de GER,"MF,DF",SC Freiburg II,26,1997,28,28,"2,297",25.5,0,0,0,0,0,0,14,1,0.00,0.00,0.00,0.00,0.00
Tobias Rühle,de GER,"FW,MF",Ulm,32,1991,13,0,170,1.9,3,0,3,3,0,0,0,0,1.59,0.00,1.59,1.59,1.59
Stefano Russo,de GER,MF,Viktoria Köln,23,2000,33,31,"2,668",29.6,2,2,4,2,0,0,9,0,0.07,0.07,0.13,0.07,0.13
Fabian Rüth,de GER,DF,Rot-Weiss Essen,22,2001,1,0,4,0.0,0,0,0,0,0,0,0,0,0.00,0.00,0.00,0.00,0.00
Leo Sahin,fr FRA,FW,Saarbrücken,17,2005,1,0,2,0.0,0,0,0,0,0,0,0,0,0.00,0.00,0.00,0.00,0.00
Benedikt Saller,de GER,DF,Jahn R'burg,30,1992,35,35,"2,852",31.7,3,2,5,3,0,0,9,0,0.09,0.06,0.16,0.09,0.16
Fabio di Michele Sanchez,de GER,"MF,FW",Saarbrücken,20,2003,33,6,"1,050",11.7,0,2,2,0,0,0,3,0,0.00,0.17,0.17,0.00,0.17
Vinko Sapina,hr CRO,MF,Rot-Weiss Essen,28,1995,29,27,"2,451",27.2,3,3,6,2,1,1,4,0,0.11,0.11,0.22,0.07,0.18
Niklas Sauter,de GER,GK,SC Freiburg II,20,2003,11,11,990,11.0,0,0,0,0,0,0,0,0,0.00,0.00,0.00,0.00,0.00
Dominik Schad,de GER,"DF,MF",Preußen Münster,26,1997,14,12,"1,051",11.7,0,0,0,0,0,0,3,0,0.00,0.00,0.00,0.00,0.00
Franco Schädlich,de GER,DF,Erzgebirge Aue,19,2004,3,2,188,2.1,0,0,0,0,0,0,0,0,0.00,0.00,0.00,0.00,0.00
,,,,,,,,,,,,,,,,,,,,,,
Manuel Schäffler,de GER,FW,Dresden,34,1989,18,1,318,3.5,3,0,3,3,0,0,1,0,0.85,0.00,0.85,0.85,0.85
Johannes Schenk,de GER,GK,Preußen Münster,20,2003,8,8,720,8.0,0,0,0,0,0,0,0,0,0.00,0.00,0.00,0.00,0.00
Simon Scherder,de GER,DF,Preußen Münster,30,1993,29,26,"2,359",26.2,3,3,6,3,0,0,6,0,0.11,0.11,0.23,0.11,0.23
Raphael Schifferl,at AUT,DF,Unterhaching,24,1999,37,37,"3,330",37.0,1,1,2,1,0,0,7,0,0.03,0.03,0.05,0.03,0.05
Marco Schikora,de GER,MF,Erzgebirge Aue,28,1994,36,35,"3,009",33.4,3,1,4,3,0,0,9,1,0.09,0.03,0.12,0.09,0.12
Florian Schmid,de GER,FW,Unterhaching,23,2000,18,0,115,1.3,0,0,0,0,0,0,1,0,0.00,0.00,0.00,0.00,0.00
Christian Schmidt,de GER,MF,Jahn R'burg,21,2002,2,0,23,0.3,0,0,0,0,0,0,0,0,0.00,0.00,0.00,0.00,0.00
Patrick Schmidt,de GER,FW,Saarbrücken,29,1993,6,4,380,4.2,3,0,3,3,0,0,2,0,0.71,0.00,0.71,0.71,0.71
Jan-Marc Schneider,de GER,"MF,FW",Lübeck,29,1994,29,15,"1,485",16.5,2,2,4,2,0,0,3,0,0.12,0.12,0.24,0.12,0.24
Leon Schneider,de GER,DF,Arminia,23,2000,33,29,"2,634",29.3,2,0,2,2,0,0,2,0,0.07,0.00,0.07,0.07,0.07
Lukas Schneller,de GER,GK,SC Freiburg II,21,2001,2,2,180,2.0,0,0,0,0,0,0,0,0,0.00,0.00,0.00,0.00,0.00
Oscar Schönfelder,de GER,"MF,DF",Jahn R'burg,22,2001,32,27,"2,156",24.0,1,5,6,1,0,0,9,0,0.04,0.21,0.25,0.04,0.25
Sam Schreck,de GER,MF,Arminia,24,1999,36,33,"2,739",30.4,0,0,0,0,0,0,4,0,0.00,0.00,0.00,0.00,0.00
Tim Schreiber,de GER,GK,Saarbrücken,21,2002,24,24,"2,158",24.0,0,0,0,0,0,0,3,0,0.00,0.00,0.00,0.00,0.00
Tobias Schröck,de GER,"DF,MF",Ingolstadt 04,30,1992,10,3,384,4.3,0,0,0,0,0,0,3,0,0.00,0.00,0.00,0.00,0.00
Morris Schröter,de GER,MF,1860 Munich,27,1995,33,33,"2,686",29.8,7,7,14,7,0,1,3,1,0.23,0.23,0.47,0.23,0.47
Michael Schultz,de GER,DF,Viktoria Köln,30,1993,36,35,"3,175",35.3,5,0,5,5,0,0,7,0,0.14,0.00,0.14,0.14,0.14
Moritz Schulze,de GER,GK,Hallescher,22,2001,6,6,540,6.0,0,0,0,0,0,0,0,0,0.00,0.00,0.00,0.00,0.00
Maximilian Schulze Niehues,de GER,GK,Preußen Münster,34,1988,30,30,"2,700",30.0,0,0,0,0,0,0,2,0,0.00,0.00,0.00,0.00,0.00
Philipp Schulze,de GER,GK,Hallescher,20,2003,14,14,"1,260",14.0,0,0,0,0,0,0,0,0,0.00,0.00,0.00,0.00,0.00
Lion Schuster,at AUT,"MF,DF",Sandhausen,22,2000,16,9,769,8.5,1,0,1,1,0,0,5,0,0.12,0.00,0.12,0.12,0.12
Markus Schwabl,de GER,DF,Unterhaching,32,1990,29,29,"2,599",28.9,1,4,5,1,0,0,9,0,0.03,0.14,0.17,0.03,0.17
Joshua Schwirten,de GER,MF,Erzgebirge Aue,21,2002,26,3,453,5.0,2,0,2,2,0,0,0,0,0.40,0.00,0.40,0.40,0.40
Léo Scienza,br BRA,"FW,MF",Ulm,24,1998,34,32,"2,610",29.0,12,11,23,9,3,3,3,0,0.41,0.38,0.79,0.31,0.69
Tim Sechelmann,de GER,DF,SV Waldhof,24,1999,21,15,"1,427",15.9,0,0,0,0,0,0,2,0,0.00,0.00,0.00,0.00,0.00
,,,,,,,,,,,,,,,,,,,,,,
Marcel Seegert,de GER,DF,SV Waldhof,29,1994,30,25,"2,318",25.8,3,0,3,3,0,0,5,0,0.12,0.00,0.12,0.12,0.12
Moritz Seiffert,de GER,DF,Ingolstadt 04,22,2000,33,24,"2,245",24.9,1,1,2,1,0,0,4,0,0.04,0.04,0.08,0.04,0.08
Sean-Andreas Seitz,de GER,"MF,FW",Erzgebirge Aue,21,2002,32,17,"1,433",15.9,5,2,7,5,0,0,6,0,0.31,0.13,0.44,0.31,0.44
Lion Semić,de GER,"DF,MF",Dortmund II,19,2003,17,9,838,9.3,1,0,1,1,0,0,3,0,0.11,0.00,0.11,0.11,0.11
Marvin Senger,de GER,DF,MSV Duisburg,23,2000,18,14,"1,227",13.6,1,1,2,1,0,0,4,0,0.07,0.07,0.15,0.07,0.15
Hong Seokju,kr KOR,FW,Viktoria Köln,20,2003,14,5,451,5.0,0,2,2,0,0,0,1,0,0.00,0.40,0.40,0.00,0.40
Nicolás Sessa,ar ARG,"MF,FW",Verl,27,1996,23,22,"1,699",18.9,5,2,7,3,2,3,1,0,0.26,0.11,0.37,0.16,0.26
Marvin Seybold,de GER,GK,Ulm,21,2001,1,1,90,1.0,0,0,0,0,0,0,0,0,0.00,0.00,0.00,0.00,0.00
Nicklas Shipnoski,de GER,"FW,MF",Arminia,25,1998,32,17,"1,496",16.6,4,1,5,4,0,0,3,0,0.24,0.06,0.30,0.24,0.30
Omar Sijarić,de GER,MF,Erzgebirge Aue,21,2001,27,21,"1,523",16.9,0,3,3,0,0,0,5,0,0.00,0.18,0.18,0.00,0.18
Simon Skarlatidis,de GER,MF,Unterhaching,32,1991,36,32,"2,858",31.8,2,11,13,2,0,0,3,0,0.06,0.35,0.41,0.06,0.41
Meris Skenderović,me MNE,"FW,MF",Hallescher,25,1998,19,8,766,8.5,2,2,4,2,0,0,3,0,0.23,0.23,0.47,0.23,0.47
Pascal Sohm,de GER,"FW,MF",SV Waldhof,31,1991,29,10,885,9.8,3,1,4,3,0,0,1,0,0.31,0.10,0.41,0.31,0.41
Leon Sommer,de GER,DF,Lübeck,22,2001,31,25,"2,225",24.7,0,2,2,0,0,0,3,1,0.00,0.08,0.08,0.00,0.08
Patrick Sontheimer,de GER,MF,Saarbrücken,25,1998,34,33,"2,818",31.3,0,0,0,0,0,0,11,1,0.00,0.00,0.00,0.00,0.00
Dennis de Sousa,br BRA,FW,Ulm,27,1996,6,0,61,0.7,0,0,0,0,0,0,1,0,0.00,0.00,0.00,0.00,0.00
Julian Stark,de GER,"MF,DF",SC Freiburg II,22,2001,29,24,"2,037",22.6,1,0,1,1,0,0,7,1,0.04,0.00,0.04,0.04,0.04
Yannick Stark,de GER,MF,Unterhaching,32,1990,7,3,254,2.8,0,0,0,0,0,0,0,0,0.00,0.00,0.00,0.00,0.00
Manfred Starke,na NAM,MF,1860 Munich,32,1991,25,18,"1,589",17.7,1,1,2,1,0,0,1,1,0.06,0.06,0.11,0.06,0.11
Dominik Steczyk,pl POL,MF,Preußen Münster,24,1999,14,1,281,3.1,1,0,1,1,0,0,1,0,0.32,0.00,0.32,0.32,0.32
Marvin Stefaniak,de GER,MF,Erzgebirge Aue,28,1995,35,31,"2,755",30.6,9,5,14,7,2,2,9,0,0.29,0.16,0.46,0.23,0.39
Yannic Stein,de GER,GK,Lübeck,18,2004,3,3,270,3.0,0,0,0,0,0,0,0,0,0.00,0.00,0.00,0.00,0.00
Phillipp Steinhart,de GER,"MF,DF",1860 Munich,31,1992,13,6,566,6.3,0,0,0,0,0,0,2,1,0.00,0.00,0.00,0.00,0.00
Janek Sternberg,de GER,DF,Lübeck,30,1992,28,23,"2,111",23.5,1,0,1,1,0,0,11,1,0.04,0.00,0.04,0.04,0.04
Jonah Sticker,de GER,"DF,MF",Viktoria Köln,19,2004,17,4,477,5.3,1,1,2,1,0,0,0,0,0.19,0.19,0.38,0.19,0.38
,,,,,,,,,,,,,,,,,,,,,,
Manuel Stiefler,de GER,"DF,MF",Unterhaching,35,1988,31,27,"2,528",28.1,5,0,5,5,0,0,10,0,0.18,0.00,0.18,0.18,0.18
Niclas Stierlin,de GER,"MF,DF",MSV Duisburg,23,2000,17,10,933,10.4,1,0,1,1,0,0,4,0,0.10,0.00,0.10,0.10,0.10
Michel Stöcker,de GER,DF,Verl,24,1999,34,33,"2,837",31.5,1,2,3,1,0,0,6,0,0.03,0.06,0.10,0.03,0.10
Lennart Stoll,de GER,"MF,DF",Ulm,27,1996,19,12,"1,077",12.0,2,0,2,2,0,0,3,0,0.17,0.00,0.17,0.17,0.17
Sebastian Stolze,de GER,"MF,FW",Sandhausen,28,1995,32,16,"1,490",16.6,2,0,2,2,0,0,4,0,0.12,0.00,0.12,0.12,0.12
Philipp Strompf,de GER,DF,Ulm,25,1998,17,16,"1,403",15.6,0,0,0,0,0,0,9,0,0.00,0.00,0.00,0.00,0.00
Yann Sturm,de GER,FW,SC Freiburg II,18,2005,15,2,402,4.5,3,1,4,3,0,0,3,0,0.67,0.22,0.90,0.67,0.90
Valmir Sulejmani,xk KVX,"MF,FW",1860 Munich,27,1996,13,5,399,4.4,0,0,0,0,0,0,3,0,0.00,0.00,0.00,0.00,0.00
Mario Suver,hr CRO,DF,Dortmund II,23,1999,20,14,"1,400",15.6,0,1,1,0,0,0,1,0,0.00,0.06,0.06,0.00,0.06
Jan-Simon Symalla,de GER,MF,MSV Duisburg,18,2005,1,0,15,0.2,0,0,0,0,0,0,0,0,0.00,0.00,0.00,0.00,0.00
Ulrich Taffertshofer,de GER,MF,Lübeck,31,1992,34,29,"2,423",26.9,0,2,2,0,0,0,8,1,0.00,0.07,0.07,0.00,0.07
Niklas Tarnat,de GER,"MF,DF",1860 Munich,25,1998,12,11,839,9.3,0,1,1,0,0,0,5,0,0.00,0.11,0.11,0.00,0.11
Borys Tashchy,ua UKR,MF,Erzgebirge Aue,30,1993,37,36,"2,946",32.7,3,6,9,3,0,1,5,0,0.09,0.18,0.27,0.09,0.27
Ted Tattermusch,de GER,DF,Dortmund II,22,2001,26,7,714,7.9,0,1,1,0,0,0,1,0,0.00,0.13,0.13,0.00,0.13
Berkan Taz,de GER,"FW,MF",Verl,24,1998,15,5,497,5.5,3,1,4,2,1,1,0,0,0.54,0.18,0.72,0.36,0.54
Berkan Taz,de GER,MF,SV Waldhof,24,1998,13,3,319,3.5,0,0,0,0,0,0,0,0,0.00,0.00,0.00,0.00,0.00
Jano ter Horst,de GER,"DF,MF",Preußen Münster,21,2002,26,24,"2,115",23.5,3,2,5,3,0,0,6,0,0.13,0.09,0.21,0.13,0.21
Pascal Testroet,de GER,FW,Ingolstadt 04,32,1990,27,21,"1,501",16.7,6,7,13,6,0,0,0,0,0.36,0.42,0.78,0.36,0.78
Marvin Thiel,de GER,"DF,MF",Lübeck,28,1995,20,8,774,8.6,0,1,1,0,0,0,5,0,0.00,0.12,0.12,0.00,0.12
Maxi Thiel,de GER,"MF,FW",Erzgebirge Aue,30,1993,25,2,411,4.6,2,2,4,2,0,0,1,0,0.44,0.44,0.88,0.44,0.88
Bjarne Thoelke,de GER,DF,Saarbrücken,31,1992,16,10,938,10.4,1,0,1,1,0,0,2,0,0.10,0.00,0.10,0.10,0.10
Jonas Thomas Kersken,de GER,GK,Arminia,22,2000,37,37,"3,330",37.0,0,0,0,0,0,0,1,0,0.00,0.00,0.00,0.00,0.00
Matthew Till Meier,de GER,MF,Hallescher,19,2004,1,0,6,0.1,0,0,0,0,0,0,0,0,0.00,0.00,0.00,0.00,0.00
Boné Uaferro,de GER,DF,Saarbrücken,31,1992,26,19,"1,521",16.9,2,1,3,2,0,0,5,1,0.12,0.06,0.18,0.12,0.18
Michael Udebuluzor,hk HKG,FW,Ingolstadt 04,19,2004,3,0,8,0.1,0,0,0,0,0,0,0,0,0.00,0.00,0.00,0.00,0.00
,,,,,,,,,,,,,,,,,,,,,,
Luca Unbehaun,de GER,GK,Verl,22,2001,33,33,"2,922",32.5,0,1,1,0,0,0,0,0,0.00,0.03,0.03,0.00,0.03
Benjamin Uphoff,de GER,GK,SC Freiburg II,29,1993,17,17,"1,522",16.9,0,0,0,0,0,0,1,0,0.00,0.00,0.00,0.00,0.00
Yasin Varol,,FW,Lübeck,,,1,0,8,0.1,0,0,0,0,0,0,0,0,0.00,0.00,0.00,0.00,0.00
Robin Velasco,de GER,MF,Lübeck,21,2002,33,22,"1,800",20.0,5,1,6,5,0,1,4,0,0.25,0.05,0.30,0.25,0.30
Jesper Verlaat,nl NED,DF,1860 Munich,27,1996,36,36,"3,215",35.7,1,1,2,1,0,0,7,0,0.03,0.03,0.06,0.03,0.06
Christian Viet,de GER,MF,Jahn R'burg,24,1999,35,35,"2,947",32.7,10,7,17,9,1,1,7,0,0.31,0.21,0.52,0.27,0.49
Panagiotis Vlachodimos,gr GRE,"MF,FW",Dresden,31,1991,10,2,271,3.0,2,0,2,2,0,0,0,0,0.66,0.00,0.66,0.66,0.66
Sascha Voelcke,de GER,MF,Rot-Weiss Essen,21,2002,27,6,803,8.9,2,1,3,2,0,0,1,0,0.22,0.11,0.34,0.22,0.34
René Vollath,de GER,GK,Unterhaching,33,1990,36,36,"3,225",35.8,0,1,1,0,0,0,3,0,0.00,0.03,0.03,0.00,0.03
Jannes Vollert,de GER,DF,Hallescher,25,1998,14,10,950,10.6,0,0,0,0,0,0,2,1,0.00,0.00,0.00,0.00,0.00
Leonardo Vonić,hr CRO,FW,Rot-Weiss Essen,20,2003,35,18,"1,602",17.8,9,3,12,8,1,1,4,0,0.51,0.17,0.67,0.45,0.62
Eric Voufack,de GER,DF,Rot-Weiss Essen,21,2001,23,16,"1,309",14.5,0,1,1,0,0,0,4,0,0.00,0.07,0.07,0.00,0.07
Albion Vrenezi,xk KVX,"MF,FW",1860 Munich,29,1993,28,12,"1,348",15.0,0,1,1,0,0,0,7,0,0.00,0.07,0.07,0.00,0.07
Niko Vukancic,de GER,DF,Erzgebirge Aue,21,2002,29,26,"2,369",26.3,0,0,0,0,0,0,11,0,0.00,0.00,0.00,0.00,0.00
Fridolin Wagner,de GER,MF,SV Waldhof,25,1997,30,23,"2,045",22.7,4,2,6,4,0,0,7,0,0.18,0.09,0.26,0.18,0.26
Noah Wagner,de GER,MF,SC Freiburg II,18,2005,1,0,24,0.3,0,0,0,0,0,0,0,0,0.00,0.00,0.00,0.00,0.00
Dennis Waidner,de GER,"DF,MF",Unterhaching,22,2001,35,35,"3,119",34.7,0,2,2,0,0,0,5,0,0.00,0.06,0.06,0.00,0.06
Gerrit Wegkamp,de GER,FW,Preußen Münster,30,1993,37,9,"1,170",13.0,5,4,9,5,0,1,1,0,0.38,0.31,0.69,0.38,0.69
Jordi Wegmann,de GER,DF,Hallescher,21,2002,1,0,39,0.4,0,0,0,0,0,0,1,0,0.00,0.00,0.00,0.00,0.00
Alexander Weidinger,de GER,GK,Jahn R'burg,26,1997,8,8,720,8.0,0,0,0,0,0,0,0,0,0.00,0.00,0.00,0.00,0.00
Jonas Weik,de GER,"DF,MF",Sandhausen,23,2000,33,31,"2,660",29.6,0,7,7,0,0,0,4,0,0.00,0.24,0.24,0.00,0.24
Josef Welzmüller,de GER,DF,Unterhaching,33,1990,18,17,"1,428",15.9,0,0,0,0,0,0,4,0,0.00,0.00,0.00,0.00,0.00
Maximilian Welzmüller,de GER,MF,Unterhaching,33,1990,25,4,665,7.4,0,1,1,0,0,0,3,0,0.00,0.14,0.14,0.00,0.14
Ben Westermeier,de GER,MF,Unterhaching,20,2003,32,19,"1,608",17.9,1,0,1,1,0,0,6,0,0.06,0.00,0.06,0.06,0.06
Jannik Westphal,de GER,DF,Lübeck,19,2004,2,1,87,1.0,0,0,0,0,0,0,0,0,0.00,0.00,0.00,0.00,0.00
,,,,,,,,,,,,,,,,,,,,,,
Andreas Wiegel,de GER,DF,Rot-Weiss Essen,32,1991,30,17,"1,654",18.4,0,1,1,0,0,0,5,0,0.00,0.05,0.05,0.00,0.05
Oscar Wiklöf,fi FIN,MF,SC Freiburg II,20,2003,2,1,92,1.0,0,0,0,0,0,0,0,0,0.00,0.00,0.00,0.00,0.00
Paul Will,de GER,MF,Dresden,24,1999,37,37,"3,222",35.8,2,1,3,2,0,0,7,0,0.06,0.03,0.08,0.06,0.08
Manuel Wintzheimer,de GER,FW,Arminia,24,1999,30,11,"1,143",12.7,1,2,3,1,0,0,4,0,0.08,0.16,0.24,0.08,0.24
Marco Wolf,de GER,"FW,MF",Hallescher,22,2001,18,4,554,6.2,0,1,1,0,0,0,6,0,0.00,0.16,0.16,0.00,0.16
Maximilian Wolfram,de GER,"FW,MF",Verl,26,1997,38,27,"2,478",27.5,7,4,11,7,0,0,4,0,0.25,0.15,0.40,0.25,0.40
Andrew Wooten,us USA,FW,Preußen Münster,33,1989,11,1,221,2.5,2,1,3,2,0,0,0,0,0.81,0.41,1.22,0.81,1.22
Marius Wörl,de GER,MF,Arminia,19,2004,30,24,"2,047",22.7,2,0,2,2,0,0,4,0,0.09,0.00,0.09,0.09,0.09
Marco Wörner,de GER,FW,SC Freiburg II,18,2004,23,1,500,5.6,0,0,0,0,0,0,1,0,0.00,0.00,0.00,0.00,0.00
Joscha Wosz,de GER,MF,Verl,21,2002,2,0,21,0.2,0,0,0,0,0,0,0,0,0.00,0.00,0.00,0.00,0.00
Leopold Wurm,de GER,DF,Jahn R'burg,17,2006,1,0,12,0.1,0,0,0,0,0,0,1,0,0.00,0.00,0.00,0.00,0.00
Lamar Yarbrough,de GER,"DF,MF",Ulm,27,1996,21,12,"1,217",13.5,1,1,2,1,0,0,3,0,0.07,0.07,0.15,0.07,0.15
Aygün Yildirim,,"FW,MF",Arminia,28,1995,27,8,872,9.7,2,0,2,2,0,0,6,0,0.21,0.00,0.21,0.21,0.21
Berkay Yılmaz,tr TUR,"DF,MF",SC Freiburg II,18,2005,13,5,555,6.2,1,4,5,1,0,0,1,1,0.16,0.65,0.81,0.16,0.81
Isaiah Young,us USA,MF,Rot-Weiss Essen,25,1998,37,31,"2,686",29.8,5,1,6,5,0,0,2,0,0.17,0.03,0.20,0.17,0.20
Luca-Milan Zander,de GER,"DF,MF",Sandhausen,27,1995,24,18,"1,535",17.1,1,5,6,1,0,0,4,0,0.06,0.29,0.35,0.06,0.35
Emil Zeil,de GER,MF,Dresden,17,2005,2,0,15,0.2,0,0,0,0,0,0,1,0,0.00,0.00,0.00,0.00,0.00
Abu-Bekir El-Zein,de GER,"MF,FW",Sandhausen,20,2003,30,14,"1,296",14.4,3,2,5,3,0,1,3,0,0.21,0.14,0.35,0.21,0.35
Deniz Zeitler,de GER,FW,Ingolstadt 04,16,2006,3,0,70,0.8,0,0,0,0,0,0,0,0,0.00,0.00,0.00,0.00,0.00
Manuel Zeitz,de GER,DF,Saarbrücken,32,1990,36,36,"3,165",35.2,3,0,3,3,0,0,9,0,0.09,0.00,0.09,0.09,0.09
Eroll Zejnullahu,xk KVX,MF,1860 Munich,28,1994,21,14,"1,225",13.6,1,3,4,1,0,0,2,0,0.07,0.22,0.29,0.07,0.29
Erik Zenga,de GER,MF,MSV Duisburg,30,1993,10,3,410,4.6,0,0,0,0,0,0,1,0,0.00,0.00,0.00,0.00,0.00
Viktor Zentrich,cz CZE,DF,Unterhaching,20,2003,12,1,236,2.6,0,0,0,0,0,0,2,0,0.00,0.00,0.00,0.00,0.00
Robin Ziegele,de GER,DF,Jahn R'burg,26,1997,24,13,"1,349",15.0,1,0,1,1,0,0,3,0,0.07,0.00,0.07,0.07,0.07
Sebastian Zieleniecki,pl POL,"DF,MF",Hallescher,28,1995,11,7,717,8.0,0,0,0,0,0,0,1,0,0.00,0.00,0.00,0.00,0.00
,,,,,,,,,,,,,,,,,,,,,,
Tom Zimmerschied,de GER,"FW,MF",Dresden,24,1998,37,34,"2,604",28.9,6,7,13,6,0,0,9,0,0.21,0.24,0.45,0.21,0.45
Malwin Zok,de GER,GK,SV Waldhof,20,2003,1,1,90,1.0,0,0,0,0,0,0,0,0,0.00,0.00,0.00,0.00,0.00
Joël Zwarts,nl NED,"FW,MF",1860 Munich,24,1999,21,14,"1,263",14.0,6,0,6,6,0,0,0,0,0.43,0.00,0.43,0.43,0.43
